date,name,start_time,end_time
2025-01-21,Kai Kim,17311,19472
2025-01-13,Kai Diaz,15772,20176
2025-01-31,Cameron Ingram,14951,22814
2025-01-11,Finley Baker,14301,22429
2025-01-14,Carol Williams,85800,
2025-01-19,Jamie Martinez,21773,29541
2025-01-18,Kai Baker,14886,15880
2025-01-05,Elliot Lewis,16984,19508
2025-01-31,Emerson Foster,17332,21345
2025-01-17,Riley Thompson,65520,71460
2025-01-31,Kai Baker,14781,22535
2025-01-24,Alex Hughes,13989,18067
2025-01-14,Skyler Foster,16153,17195
2025-01-11,Cameron Baker,12438,19502
2025-01-25,Sage Baker,21614,27926
2025-01-29,Kai Campbell,15136,23006
2025-01-22,Shawn Lewis,25564,32038
2025-01-07,Payton Baker,82980,
2025-01-26,Skyler Foster,17913,26127
2025-01-28,Kai Baker,20863,28337
2025-01-25,Bailey Campbell,23183,27619
2025-01-13,Harper Baker,22837,31401
2025-01-09,Elliot Campbell,12984,16380
2025-01-23,Sam Adams,14861,19832
2025-01-11,Sam Foster,15166,17317
2025-01-08,Elliot Garcia,12109,18280
2025-01-05,Dakota Adams,16957,24345
2025-01-04,Finley Edwards,14738,20053
2025-01-25,Micah Edwards,13510,20061
2025-01-25,Jesse Kim,14099,18136
2025-01-20,Cameron Adams,21724,24441
2025-01-06,Quinn Foster,14178,23067
2025-01-25,Alex Lewis,15732,23369
2025-01-23,Bailey Adams,14586,16064
2025-01-16,Rowan Edwards,18452,21271
2025-01-04,Quinn Edwards,15197,16414
2025-01-17,Finley Edwards,17018,17770
2025-01-11,Hayden Campbell,23654,32068
2025-01-11,Alex Diaz,20753,23687
2025-01-18,Harper Baker,14985,17187
2025-01-07,Harper Baker,18165,20221
2025-01-30,Jesse Hughes,19195,23349
2025-01-16,Cameron Baker,12938,17302
2025-01-26,Emerson Ingram,18053,20947
2025-01-13,Harper Diaz,28630,33420
2025-01-13,Skyler Campbell,22290,25013
2025-01-20,Kai Johnson,,1904
2025-01-11,Payton Adams,15507,19229
2025-01-07,Kendall Johnson,14018,19845
2025-01-08,Micah Edwards,17871,21871
2025-01-04,Bailey Foster,26762,27541
2025-01-06,Kai Kim,26245,29428
2025-01-22,Elliot Campbell,13998,20003
2025-01-20,Quinn Baker,22910,31847
2025-01-22,Shawn Ingram,14444,22283
2025-01-12,Avery Chen,30689,32814
2025-01-07,Drew Diaz,13591,20696
2025-01-11,Avery Chen,16625,23325
2025-01-20,Shawn Johnson,13473,14283
2025-01-10,Bailey Adams,23607,28203
2025-01-25,Emerson Ingram,16689,22721
2025-01-28,Skyler Baker,22819,27874
2025-01-05,Emerson Kim,17795,23717
2025-01-17,Payton Baker,22437,23619
2025-01-04,Harper Lewis,13184,21104
2025-01-24,Payton Adams,13856,17974
2025-01-17,Skyler Edwards,16040,24578
2025-01-30,Kai Hughes,25463,28996
2025-01-10,Rowan Ingram,21904,26272
2025-01-29,Kai Hughes,25743,27783
2025-01-02,Cameron Adams,23619,32440
2025-01-05,Micah Kim,20463,28048
2025-01-15,Elliot Adams,15730,21193
2025-01-07,Kai Johnson,22788,30732
2025-01-29,Rowan Garcia,19949,28921
2025-01-25,Sage Foster,20207,23406
2025-01-30,Sage Lewis,34149,39812
2025-01-31,Reese Garcia,15318,18937
2025-01-27,Sage Adams,17644,23493
2025-01-12,Avery Chen,15374,22890
2025-01-07,Reese Garcia,15651,23285
2025-01-07,Hayden Campbell,23190,30185
2025-01-05,Parker Adams,26547,27704
2025-01-23,Micah Edwards,14734,19345
2025-01-25,Micah Johnson,33922,39019
2025-01-19,Sage Baker,14868,17661
2025-01-23,Reese Baker,17685,19260
2025-01-26,Harper Diaz,18269,23573
2025-01-14,Emerson Ingram,23496,31109
2025-01-04,Sage Baker,25371,30480
2025-01-27,Bailey Edwards,15166,17407
2025-01-22,Rowan Garcia,22771,23877
2025-01-08,Sage Adams,26795,35395
2025-01-14,Cameron Garcia,16588,22512
2025-01-30,Micah Kim,15467,16250
2025-01-30,Alex Hughes,14116,22629
2025-01-28,Cameron Adams,,1441
2025-01-18,Rowan Edwards,11736,14927
2025-01-14,Hayden Campbell,13043,15105
2025-01-03,Payton Lewis,12026,20525
2025-01-29,Micah Johnson,28323,32342
2025-01-02,Parker Garcia,18627,24566
2025-01-25,Harper Ingram,16678,25357
2025-01-15,Alex Diaz,14068,19930
2025-01-10,Payton Adams,17579,24721
2025-01-28,Drew Foster,15893,20574
2025-01-01,Quinn Campbell,24752,29384
2025-01-21,Drew Edwards,30852,33531
2025-01-15,Bailey Edwards,25986,30010
2025-01-23,Logan Hughes,25662,29672
2025-01-01,Sam Foster,12422,13158
2025-01-14,Jesse Kim,22112,25566
2025-01-05,Jesse Hughes,29686,33194
2025-01-29,Quinn Diaz,16356,17375
2025-01-24,Sage Foster,13308,20743
2025-01-27,Sage Baker,15139,17343
2025-01-15,Micah Adams,15604,23067
2025-01-17,Skyler Baker,14467,17282
2025-01-17,Alex Hughes,14429,17948
2025-01-02,Hayden Garcia,16373,24305
2025-01-19,Cameron Lewis,22023,22794
2025-01-23,Carol Williams,14431,17728
2025-01-03,Bailey Campbell,12879,15395
2025-01-31,Emerson Foster,13080,15425
2025-01-18,Reese Adams,26372,30741
2025-01-01,Emerson Foster,19825,26663
2025-01-07,Bailey Johnson,13367,19835
2025-01-18,Kai Hughes,26027,34258
2025-01-31,Payton Adams,29501,33730
2025-01-20,Carol Williams,64800,72000
2025-01-24,Taylor Brooks,30786,35206
2025-01-09,Micah Edwards,11846,13475
2025-01-22,Emerson Johnson,14321,15160
2025-01-09,Alex Campbell,15948,20564
2025-01-18,Finley Hughes,14140,21562
2025-01-04,Payton Lewis,19576,23823
2025-01-03,Quinn Diaz,15671,17634
2025-01-16,Micah Lewis,16263,23338
2025-01-31,Reese Edwards,15662,18255
2025-01-19,Quinn Foster,13273,19868
2025-01-05,Jesse Hughes,13897,20042
2025-01-12,Bailey Foster,13802,15301
2025-01-26,Micah Lewis,26185,34719
2025-01-14,Hayden Garcia,12980,15570
2025-01-03,Shawn Kim,16661,21659
2025-01-18,Hayden Adams,15216,21644
2025-01-17,Hayden Garcia,17664,21739
2025-01-21,Sam Diaz,21244,26553
2025-01-28,Harper Baker,24928,28239
2025-01-25,Payton Ingram,15752,19240
2025-01-16,Skyler Campbell,22747,24529
2025-01-07,Jamie Martinez,16035,20543
2025-01-24,Micah Johnson,15255,18868
2025-01-26,Drew Lewis,,3909
2025-01-21,Skyler Edwards,16757,18684
2025-01-13,Logan Garcia,21498,26574
2025-01-26,Sam Diaz,21778,23800
2025-01-12,Skyler Campbell,12102,16356
2025-01-20,Alex Lewis,17900,19010
2025-01-07,Shawn Edwards,17343,23923
2025-01-26,Alex Diaz,12713,18849
2025-01-03,Kendall Johnson,15059,17354
2025-01-08,Micah Adams,24295,25271
2025-01-16,Harper Ingram,24714,28696
2025-01-11,Cameron Lewis,14449,18588
2025-01-18,Skyler Campbell,15454,22574
2025-01-19,Jesse Edwards,24113,26409
2025-01-31,Kendall Baker,23618,29041
2025-01-11,Taylor Brooks,18101,19850
2025-01-07,Drew Ingram,15755,23890
2025-01-15,Hayden Ingram,24149,28760
2025-01-30,Parker Garcia,81799,
2025-01-15,Bailey Foster,16187,20656
2025-01-02,Quinn Lewis,33525,40682
2025-01-22,Bailey Garcia,,6910
2025-01-07,Sam Adams,25574,28840
2025-01-11,Avery Chen,26540,27372
2025-01-22,Emerson Foster,13893,22465
2025-01-29,Cameron Ingram,14732,16002
2025-01-28,Hayden Diaz,21082,23798
2025-01-26,Reese Garcia,16320,21633
2025-01-03,Sam Foster,15362,19385
2025-01-09,Sam Diaz,16912,22531
2025-01-22,Kai Hughes,32870,40598
2025-01-03,Alex Hughes,34619,41933
2025-01-16,Dakota Adams,15107,20849
2025-01-25,Reese Baker,17222,22796
2025-01-14,Drew Foster,14071,14985
2025-01-25,Emerson Ingram,36190,37831
2025-01-23,Quinn Baker,15270,20504
2025-01-26,Micah Adams,23765,31916
2025-01-01,Bailey Campbell,14464,15443
2025-01-17,Elliot Campbell,18722,25543
2025-01-14,Alex Hughes,25503,28456
2025-01-03,Hayden Adams,22741,30926
2025-01-24,Elliot Campbell,23824,27429
2025-01-05,Jesse Foster,13728,15192
2025-01-19,Alex Campbell,13959,22269
2025-01-28,Sage Garcia,14325,20405
2025-01-14,Emerson Foster,11711,18403
2025-01-26,Hayden Campbell,23500,29728
2025-01-16,Elliot Campbell,17714,21628
2025-01-11,Logan Campbell,14423,15996
2025-01-29,Hayden Adams,,1146
2025-01-04,Jesse Kim,13003,14667
2025-01-15,Alex Hughes,20655,22304
2025-01-08,Payton Baker,,7484
2025-01-29,Cameron Garcia,15057,23318
2025-01-03,Sage Foster,36602,44453
2025-01-22,Quinn Garcia,16905,20350
2025-01-22,Reese Edwards,12672,17240
2025-01-15,Casey Nguyen,15345,16215
2025-01-14,Taylor Brooks,27575,32824
2025-01-18,Hayden Ingram,27306,29994
2025-01-15,Logan Hughes,22104,30378
2025-01-24,Alex Lewis,19854,26092
2025-01-22,Drew Diaz,28101,29545
2025-01-19,Shawn Johnson,31787,37518
2025-01-10,Alex Lewis,21774,28762
2025-01-17,Harper Diaz,31234,35857
2025-01-09,Kendall Johnson,24925,26502
2025-01-02,Reese Garcia,14911,16149
2025-01-31,Jesse Hughes,23453,27764
2025-01-19,Reese Garcia,31536,35903
2025-01-12,Finley Baker,23120,29777
2025-01-07,Reese Foster,14477,15611
2025-01-23,Micah Baker,26597,32786
2025-01-25,Jesse Hughes,15820,21284
2025-01-17,Bailey Adams,24377,25597
2025-01-13,Skyler Baker,26952,35652
2025-01-05,Sam Garcia,25443,26699
2025-01-24,Harper Ingram,20298,27502
2025-01-27,Quinn Foster,14160,17988
2025-01-28,Alex Diaz,30703,31652
2025-01-08,Reese Garcia,21740,29533
2025-01-28,Reese Edwards,13754,19382
2025-01-07,Skyler Edwards,23039,29673
2025-01-11,Skyler Foster,17418,23039
2025-01-10,Shawn Kim,20561,21832
2025-01-04,Jesse Campbell,13912,18933
2025-01-16,Cameron Baker,21612,25786
2025-01-14,Skyler Foster,19770,24008
2025-01-24,Alex Lewis,29470,35710
2025-01-09,Micah Adams,17249,21818
2025-01-12,Sam Garcia,22417,23524
2025-01-27,Bailey Garcia,13693,21624
2025-01-24,Hayden Garcia,12564,21197
2025-01-21,Quinn Foster,13921,20521
2025-01-22,Sage Garcia,15619,21801
2025-01-27,Harper Baker,12187,15510
2025-01-08,Jesse Campbell,24921,29468
2025-01-25,Rowan Edwards,14380,19067
2025-01-02,Micah Johnson,77571,
2025-01-28,Jamie Martinez,66000,71100
2025-01-05,Sam Adams,27018,29129
2025-01-13,Morgan Rivera,65040,71820
2025-01-22,Drew Diaz,33916,35856
2025-01-20,Morgan Rivera,14815,19623
2025-01-10,Alex Hughes,15246,17621
2025-01-23,Cameron Ingram,,3369
2025-01-17,Bailey Campbell,21597,27473
2025-01-17,Emerson Adams,12636,14113
2025-01-21,Cameron Adams,21524,29328
2025-01-21,Kai Kim,22911,28345
2025-01-15,Quinn Baker,16420,21229
2025-01-23,Quinn Lewis,25571,31234
2025-01-22,Drew Lewis,15534,22049
2025-01-22,Harper Diaz,16861,21148
2025-01-18,Kai Campbell,17019,20480
2025-01-07,Hayden Campbell,15124,21167
2025-01-12,Logan Diaz,20964,24407
2025-01-22,Hayden Ingram,16586,19765
2025-01-09,Parker Garcia,14966,21845
2025-01-30,Jordan Patel,19958,20917
2025-01-03,Reese Garcia,17973,23691
2025-01-16,Harper Ingram,14025,21709
2025-01-08,Sage Adams,37592,45700
2025-01-21,Drew Lewis,24660,30791
2025-01-02,Rowan Edwards,17499,26189
2025-01-30,Elliot Lewis,21343,23974
2025-01-06,Emerson Foster,12406,19897
2025-01-18,Emerson Ingram,16660,24742
2025-01-26,Harper Ingram,23920,25029
2025-01-28,Harper Garcia,15403,21426
2025-01-23,Alex Campbell,13326,17288
2025-01-08,Bailey Foster,24886,29179
2025-01-03,Jesse Hughes,27516,34190
2025-01-26,Hayden Campbell,15633,22477
2025-01-28,Shawn Kim,81023,
2025-01-03,Elliot Ingram,22803,30788
2025-01-16,Emerson Johnson,24209,31744
2025-01-14,Payton Lewis,16568,24842
2025-01-23,Elliot Kim,14525,23032
2025-01-26,Alex Lewis,16161,21925
2025-01-13,Quinn Edwards,14133,20429
2025-01-28,Skyler Foster,16394,25219
2025-01-05,Harper Lewis,14175,17929
2025-01-29,Reese Foster,16290,24162
2025-01-14,Logan Campbell,15709,22344
2025-01-11,Payton Baker,18187,26844
2025-01-24,Rowan Garcia,13860,16379
2025-01-17,Skyler Foster,24674,29874
2025-01-11,Logan Garcia,19392,27358
2025-01-21,Alex Diaz,14229,21401
2025-01-17,Finley Baker,17411,25396
2025-01-22,Elliot Adams,15085,15919
2025-01-16,Emerson Adams,11956,14910
2025-01-18,Cameron Garcia,24662,31973
2025-01-30,Emerson Kim,76105,
2025-01-09,Skyler Campbell,17062,25228
2025-01-20,Jesse Foster,39331,40783
2025-01-26,Logan Garcia,14738,23592
2025-01-25,Jamie Martinez,16354,20879
2025-01-09,Bailey Edwards,14837,21192
2025-01-31,Elliot Ingram,13508,14446
2025-01-12,Cameron Hughes,13509,19233
2025-01-13,Reese Foster,22361,24499
2025-01-06,Kai Campbell,22152,25607
2025-01-01,Micah Kim,16889,20081
2025-01-01,Finley Hughes,22055,25578
2025-01-19,Payton Lewis,16445,19551
2025-01-28,Sage Adams,30116,37284
2025-01-28,Harper Diaz,82439,
2025-01-29,Quinn Diaz,20958,24938
2025-01-21,Bailey Adams,14608,19615
2025-01-19,Alex Lewis,26496,27406
2025-01-25,Quinn Baker,19066,21313
2025-01-31,Parker Edwards,15893,22036
2025-01-31,Kai Johnson,16459,24994
2025-01-01,Skyler Edwards,16140,18887
2025-01-05,Drew Foster,14988,19242
2025-01-29,Sage Foster,22452,29616
2025-01-09,Elliot Adams,21490,27864
2025-01-03,Cameron Ingram,13444,15156
2025-01-16,Jordan Patel,15758,19642
2025-01-26,Reese Baker,15387,17858
2025-01-25,Quinn Edwards,13894,15071
2025-01-16,Shawn Johnson,16229,21774
2025-01-03,Harper Lewis,24015,31010
2025-01-13,Parker Garcia,14061,19208
2025-01-06,Micah Adams,21735,27947
2025-01-04,Bailey Johnson,19474,22108
2025-01-10,Quinn Foster,16236,22116
2025-01-06,Payton Adams,12029,13149
2025-01-02,Logan Hughes,13994,16130
2025-01-19,Hayden Adams,14423,17555
2025-01-02,Payton Ingram,18371,23314
2025-01-16,Elliot Garcia,15431,24321
2025-01-09,Cameron Adams,14317,20667
2025-01-08,Bailey Hughes,15974,23643
2025-01-07,Micah Lewis,16000,21387
2025-01-14,Cameron Ingram,13962,20316
2025-01-14,Skyler Baker,15708,23729
2025-01-03,Shawn Kim,22572,25031
2025-01-09,Alex Hughes,15572,19289
2025-01-15,Shawn Johnson,17204,23865
2025-01-10,Shawn Edwards,13310,16225
2025-01-31,Payton Lewis,21054,24316
2025-01-28,Kai Hughes,17279,25955
2025-01-31,Hayden Campbell,15512,22080
2025-01-27,Elliot Ingram,15508,22902
2025-01-10,Parker Adams,15042,22748
2025-01-16,Shawn Ingram,23700,24489
2025-01-23,Harper Lewis,21524,24628
2025-01-15,Finley Hughes,22257,24703
2025-01-30,Emerson Foster,17055,25608
2025-01-14,Finley Hughes,26299,29087
2025-01-31,Micah Kim,24492,25803
2025-01-05,Sam Foster,14410,20465
2025-01-25,Logan Hughes,18113,27094
2025-01-01,Hayden Garcia,12431,16245
2025-01-24,Payton Baker,14466,19851
2025-01-14,Kai Campbell,17261,23294
2025-01-22,Elliot Lewis,15505,19097
2025-01-04,Cameron Hughes,14217,15769
2025-01-21,Sage Lewis,17308,20941
2025-01-07,Jesse Hughes,16077,20401
2025-01-12,Shawn Ingram,14995,19690
2025-01-24,Quinn Campbell,12662,19533
2025-01-10,Skyler Baker,26362,30205
2025-01-29,Jesse Kim,14365,20738
2025-01-08,Quinn Campbell,13612,14387
2025-01-08,Sage Garcia,12580,21505
2025-01-26,Taylor Brooks,16122,18211
2025-01-10,Sam Garcia,14547,16997
2025-01-07,Micah Kim,19660,28441
2025-01-07,Bailey Adams,23636,26048
2025-01-27,Hayden Ingram,14156,20462
2025-01-22,Hayden Adams,31222,34524
2025-01-22,Morgan Rivera,24285,30802
2025-01-15,Emerson Ingram,14062,18444
2025-01-30,Sage Adams,14924,19457
2025-01-03,Micah Adams,33067,35944
2025-01-21,Elliot Ingram,18137,20852
2025-01-04,Skyler Foster,18465,22266
2025-01-28,Payton Baker,13112,22069
2025-01-16,Kai Baker,15670,16709
2025-01-05,Quinn Lewis,14725,15600
2025-01-12,Hayden Ingram,27906,29392
2025-01-11,Micah Kim,29352,31582
2025-01-12,Finley Hughes,16338,22603
2025-01-06,Bailey Edwards,13456,20672
2025-01-15,Sage Baker,21386,28110
2025-01-21,Skyler Campbell,17429,25443
2025-01-11,Micah Edwards,23012,26521
2025-01-21,Bailey Edwards,29216,31860
2025-01-03,Emerson Johnson,15251,21867
2025-01-02,Cameron Lewis,19966,27936
2025-01-20,Reese Garcia,17563,18879
2025-01-14,Hayden Foster,15629,23184
2025-01-21,Elliot Ingram,21968,26415
2025-01-08,Cameron Lewis,24021,29666
2025-01-02,Elliot Ingram,22541,26733
2025-01-20,Micah Johnson,22029,24404
2025-01-18,Sam Adams,13268,17805
2025-01-12,Shawn Lewis,13913,19615
2025-01-15,Micah Johnson,20805,28946
2025-01-10,Shawn Johnson,32251,36189
2025-01-01,Skyler Campbell,24319,31738
2025-01-22,Sam Garcia,19549,24435
2025-01-23,Skyler Campbell,24248,29762
2025-01-27,Casey Nguyen,24993,30778
2025-01-21,Carol Williams,20113,28112
2025-01-12,Quinn Diaz,11483,16403
2025-01-27,Quinn Campbell,20285,26208
2025-01-31,Harper Garcia,15985,22932
2025-01-17,Hayden Ingram,26838,30948
2025-01-01,Hayden Campbell,16252,18136
2025-01-26,Payton Baker,27648,33408
2025-01-20,Elliot Garcia,15814,24356
2025-01-25,Emerson Adams,13044,15917
2025-01-01,Logan Campbell,15728,23728
2025-01-11,Alex Hughes,20564,26039
2025-01-19,Quinn Diaz,21596,24756
2025-01-17,Sage Baker,14610,22946
2025-01-15,Jesse Hughes,14085,19526
2025-01-20,Bailey Edwards,31220,36389
2025-01-18,Elliot Ingram,17207,24411
2025-01-02,Skyler Campbell,19704,22705
2025-01-20,Payton Lewis,79660,
2025-01-21,Payton Lewis,,1245
2025-01-03,Jesse Campbell,80003,
2025-01-08,Bailey Edwards,23724,32169
2025-01-21,Elliot Campbell,24142,29861
2025-01-22,Sage Baker,17909,24101
2025-01-29,Kai Johnson,18924,25543
2025-01-15,Bailey Garcia,13130,20018
2025-01-07,Parker Edwards,17530,20632
2025-01-09,Kai Hughes,21406,22160
2025-01-06,Drew Foster,14775,18415
2025-01-12,Cameron Garcia,15162,18677
2025-01-02,Quinn Lewis,22870,31460
2025-01-04,Elliot Garcia,14330,21902
2025-01-10,Payton Baker,23208,26937
2025-01-29,Emerson Adams,16016,19587
2025-01-02,Drew Diaz,14117,16462
2025-01-27,Micah Lewis,15425,16451
2025-01-06,Rowan Edwards,15395,17189
2025-01-01,Shawn Ingram,18899,24264
2025-01-06,Quinn Foster,24657,33596
2025-01-19,Sam Adams,19372,21840
2025-01-01,Hayden Ingram,15089,20945
2025-01-20,Elliot Ingram,17764,19314
2025-01-15,Jesse Campbell,28776,32423
2025-01-22,Drew Foster,12028,16570
2025-01-28,Micah Adams,13986,22816
2025-01-15,Bailey Campbell,75662,
2025-01-14,Reese Garcia,11614,14909
2025-01-22,Hayden Garcia,20218,24086
2025-01-28,Harper Diaz,13566,14326
2025-01-20,Emerson Ingram,17124,25159
2025-01-06,Drew Diaz,15596,20609
2025-01-30,Payton Ingram,14539,20230
2025-01-28,Rowan Garcia,29107,32747
2025-01-03,Jesse Edwards,15626,16521
2025-01-26,Jordan Patel,13464,15381
2025-01-16,Emerson Foster,22978,31109
2025-01-24,Elliot Lewis,14740,16028
2025-01-22,Sam Garcia,13127,16719
2025-01-31,Micah Johnson,13076,18808
2025-01-19,Rowan Edwards,17637,20034
2025-01-07,Quinn Baker,15207,21424
2025-01-27,Rowan Ingram,17163,20309
2025-01-03,Elliot Campbell,12107,15420
2025-01-23,Jesse Hughes,21382,30353
2025-01-31,Logan Garcia,15684,18485
2025-01-19,Elliot Lewis,17415,19528
2025-01-04,Quinn Diaz,18028,22412
2025-01-29,Hayden Campbell,22024,30924
2025-01-09,Reese Garcia,13224,19335
2025-01-08,Bailey Garcia,32766,37076
2025-01-19,Jamie Martinez,14185,18511
2025-01-23,Sage Adams,15719,23563
2025-01-14,Bailey Edwards,14716,23708
2025-01-01,Kai Hughes,16656,19350
2025-01-05,Logan Campbell,17309,24790
2025-01-20,Kai Diaz,25270,32700
2025-01-31,Avery Chen,16773,22292
2025-01-08,Reese Foster,15337,20441
2025-01-03,Cameron Garcia,13849,20526
2025-01-07,Finley Edwards,24113,28464
2025-01-24,Drew Edwards,25438,31844
2025-01-14,Harper Garcia,15894,17058
2025-01-06,Kai Campbell,13068,17796
2025-01-05,Skyler Baker,26471,33441
2025-01-09,Micah Adams,26001,34142
2025-01-19,Harper Lewis,16308,18139
2025-01-28,Rowan Edwards,14802,23143
2025-01-10,Riley Thompson,15344,22405
2025-01-05,Skyler Foster,14531,17073
2025-01-18,Quinn Baker,12030,17486
2025-01-02,Sage Garcia,18759,27292
2025-01-22,Hayden Foster,31323,34483
2025-01-15,Jamie Martinez,15698,23623
2025-01-16,Shawn Edwards,15995,18186
2025-01-24,Emerson Ingram,23676,29319
2025-01-17,Skyler Foster,13993,22887
2025-01-27,Sage Lewis,16933,22846
2025-01-21,Logan Garcia,29186,37872
2025-01-13,Alex Campbell,26641,27600
2025-01-20,Riley Thompson,15131,20621
2025-01-01,Drew Foster,12902,21086
2025-01-17,Emerson Kim,14112,17836
2025-01-21,Finley Baker,23405,24624
2025-01-14,Quinn Baker,17730,22170
2025-01-26,Reese Foster,22092,23522
2025-01-08,Bailey Johnson,15768,20827
2025-01-29,Elliot Campbell,11436,16949
2025-01-20,Drew Ingram,13460,20887
2025-01-03,Micah Johnson,14266,20113
2025-01-23,Shawn Lewis,16006,23899
2025-01-23,Emerson Foster,19485,25768
2025-01-30,Hayden Campbell,32172,33820
2025-01-12,Dakota Adams,18568,25499
2025-01-28,Bailey Edwards,22529,27054
2025-01-05,Alex Hughes,20991,24226
2025-01-05,Drew Foster,22347,26364
2025-01-07,Jordan Patel,35237,38463
2025-01-15,Payton Baker,17838,22796
2025-01-03,Sage Garcia,21915,24312
2025-01-26,Logan Diaz,16472,19103
2025-01-12,Cameron Hughes,32354,33329
2025-01-08,Skyler Campbell,25023,33563
2025-01-27,Kai Baker,26539,34690
2025-01-24,Jordan Patel,15169,19735
2025-01-05,Elliot Adams,14801,20897
2025-01-06,Sam Adams,26322,27327
2025-01-24,Elliot Ingram,25243,31748
2025-01-29,Bailey Hughes,15236,19549
2025-01-14,Drew Ingram,22725,25765
2025-01-08,Sage Baker,34311,37512
2025-01-01,Micah Baker,14682,20330
2025-01-22,Payton Lewis,25239,29688
2025-01-23,Bailey Edwards,17493,24585
2025-01-18,Harper Lewis,23313,30123
2025-01-03,Payton Adams,22903,24663
2025-01-26,Shawn Johnson,13519,15447
2025-01-23,Logan Campbell,23023,29344
2025-01-23,Drew Edwards,14037,22053
2025-01-13,Sam Diaz,14066,15968
2025-01-02,Elliot Kim,15907,21768
2025-01-15,Sam Garcia,15027,16102
2025-01-09,Cameron Garcia,16684,25420
2025-01-05,Logan Hughes,14391,20166
2025-01-20,Logan Diaz,24167,31794
2025-01-14,Harper Baker,18585,22463
2025-01-13,Kai Johnson,11718,18516
2025-01-25,Logan Diaz,26716,31289
2025-01-09,Elliot Ingram,16778,20098
2025-01-09,Finley Edwards,18987,23337
2025-01-27,Elliot Campbell,14025,17707
2025-01-06,Micah Baker,17871,22172
2025-01-03,Emerson Adams,22465,29448
2025-01-25,Drew Foster,15169,22325
2025-01-14,Kendall Baker,12858,18997
2025-01-04,Reese Baker,15508,20633
2025-01-05,Hayden Adams,18101,20629
2025-01-11,Micah Baker,13358,18729
2025-01-04,Kendall Baker,16515,22495
2025-01-24,Micah Lewis,13792,16172
2025-01-08,Quinn Garcia,19887,24307
2025-01-21,Sage Baker,24265,31849
2025-01-10,Drew Ingram,16852,23771
2025-01-02,Micah Kim,29226,30474
2025-01-19,Sage Adams,19586,24283
2025-01-20,Reese Baker,13879,22074
2025-01-24,Quinn Garcia,25943,27682
2025-01-19,Cameron Adams,21707,30098
2025-01-29,Riley Thompson,27822,32793
2025-01-21,Reese Foster,16674,21261
2025-01-31,Skyler Edwards,12022,16056
2025-01-02,Logan Diaz,26301,28540
2025-01-22,Cameron Hughes,29009,32110
2025-01-15,Shawn Ingram,14712,20475
2025-01-23,Sam Diaz,17552,25640
2025-01-19,Finley Hughes,15470,19137
2025-01-10,Logan Campbell,17098,18033
2025-01-27,Jordan Patel,22967,28147
2025-01-01,Logan Diaz,19503,25861
2025-01-22,Cameron Adams,18032,23207
2025-01-26,Riley Thompson,12648,14853
2025-01-31,Quinn Campbell,23574,26394
2025-01-18,Payton Lewis,18945,20974
2025-01-28,Kai Hughes,12979,15042
2025-01-25,Quinn Foster,26062,27313
2025-01-09,Micah Johnson,30781,38324
2025-01-09,Bailey Foster,15841,20394
2025-01-13,Kai Hughes,16551,23204
2025-01-19,Finley Baker,23169,31241
2025-01-31,Parker Garcia,,5504
2025-01-26,Reese Edwards,14751,20916
2025-01-17,Cameron Lewis,17604,23941
2025-01-31,Drew Edwards,23377,27142
2025-01-28,Logan Garcia,16623,23103
2025-01-25,Cameron Lewis,33160,40955
2025-01-27,Sam Garcia,24258,30916
2025-01-12,Sam Adams,15805,20419
2025-01-01,Micah Edwards,12449,17207
2025-01-30,Harper Lewis,24982,28526
2025-01-12,Reese Baker,21675,23959
2025-01-12,Logan Campbell,19433,22510
2025-01-21,Logan Hughes,14557,22077
2025-01-28,Carol Williams,28957,36152
2025-01-03,Shawn Johnson,22117,28719
2025-01-01,Rowan Edwards,15328,21133
2025-01-24,Drew Lewis,24828,33055
2025-01-22,Payton Ingram,19269,23350
2025-01-02,Sam Foster,20239,23931
2025-01-11,Finley Hughes,25951,31048
2025-01-19,Quinn Lewis,28207,30229
2025-01-07,Finley Hughes,22458,28739
2025-01-19,Jesse Foster,14222,17886
2025-01-04,Cameron Adams,13108,21287
2025-01-19,Emerson Foster,24950,33543
2025-01-30,Finley Hughes,23119,32017
2025-01-26,Morgan Rivera,22230,23111
2025-01-23,Dakota Adams,15214,23276
2025-01-28,Cameron Adams,37421,38485
2025-01-18,Drew Lewis,22694,28128
2025-01-05,Kai Johnson,,5481
2025-01-15,Finley Hughes,15053,20977
2025-01-19,Shawn Lewis,20345,28662
2025-01-07,Rowan Edwards,30606,34938
2025-01-18,Bailey Garcia,22844,25571
2025-01-04,Hayden Ingram,25196,33324
2025-01-03,Logan Campbell,24921,29520
2025-01-06,Rowan Edwards,27878,30232
2025-01-18,Taylor Brooks,17119,23064
2025-01-19,Kai Kim,23685,25696
2025-01-02,Kendall Baker,20716,28103
2025-01-13,Micah Edwards,12736,17531
2025-01-15,Cameron Baker,19645,23280
2025-01-08,Drew Diaz,15649,24017
2025-01-22,Parker Edwards,28577,32077
2025-01-23,Payton Ingram,25686,27697
2025-01-02,Quinn Foster,16027,21972
2025-01-02,Harper Ingram,17151,25616
2025-01-04,Reese Adams,14894,18031
2025-01-23,Shawn Edwards,24488,27544
2025-01-02,Drew Edwards,16557,17977
2025-01-26,Bailey Edwards,23736,28619
2025-01-15,Shawn Edwards,15880,24270
2025-01-20,Parker Adams,13218,15245
2025-01-12,Emerson Ingram,83399,
2025-01-01,Cameron Adams,24484,26476
2025-01-15,Kai Campbell,25551,28761
2025-01-20,Quinn Baker,17514,22360
2025-01-08,Logan Campbell,13924,17873
2025-01-17,Alex Campbell,15304,22689
2025-01-22,Jesse Kim,17167,21034
2025-01-12,Quinn Campbell,26181,30310
2025-01-18,Harper Garcia,22247,23315
2025-01-15,Emerson Foster,14066,17475
2025-01-20,Carol Williams,65040,71820
2025-01-10,Finley Edwards,26513,28508
2025-01-08,Shawn Lewis,33495,37331
2025-01-12,Sam Adams,13032,14381
2025-01-02,Parker Edwards,18237,21139
2025-01-30,Cameron Baker,23624,29903
2025-01-25,Bailey Garcia,14483,20047
2025-01-25,Payton Baker,20250,24015
2025-01-04,Skyler Foster,,742
2025-01-25,Kai Campbell,17034,18527
2025-01-16,Cameron Adams,32483,38586
2025-01-29,Shawn Lewis,15038,21390
2025-01-20,Kai Johnson,14683,16135
2025-01-12,Skyler Edwards,16427,25163
2025-01-06,Sam Foster,27469,30824
2025-01-27,Elliot Ingram,24459,32556
2025-01-29,Jesse Kim,22001,27027
2025-01-26,Shawn Ingram,16021,19534
2025-01-09,Jordan Patel,25318,32439
2025-01-29,Quinn Lewis,16727,17835
2025-01-27,Sage Lewis,28215,32842
2025-01-16,Payton Baker,24856,33057
2025-01-01,Emerson Ingram,21296,22260
2025-01-24,Cameron Garcia,17365,25221
2025-01-17,Hayden Adams,27168,28476
2025-01-13,Bailey Johnson,16285,20450
2025-01-05,Parker Garcia,26265,28781
2025-01-25,Emerson Ingram,27126,35721
2025-01-27,Drew Diaz,27114,30020
2025-01-25,Kai Diaz,27625,34894
2025-01-04,Hayden Adams,26653,31687
2025-01-30,Drew Ingram,16171,22164
2025-01-07,Kendall Johnson,21219,25993
2025-01-29,Payton Adams,26617,28792
2025-01-18,Kendall Johnson,22794,24554
2025-01-20,Skyler Campbell,21734,27009
2025-01-03,Bailey Hughes,13828,14669
2025-01-06,Casey Nguyen,14761,16172
2025-01-19,Sage Lewis,15039,17150
2025-01-13,Shawn Johnson,13476,16152
2025-01-29,Elliot Campbell,19488,20558
2025-01-10,Rowan Ingram,13140,16417
2025-01-18,Reese Edwards,18871,26525
2025-01-22,Sam Adams,,3709
2025-01-16,Bailey Hughes,12872,13942
2025-01-02,Micah Kim,17641,25067
2025-01-02,Jesse Diaz,13750,14570
2025-01-13,Elliot Ingram,15300,17126
2025-01-23,Emerson Ingram,16841,20308
2025-01-29,Hayden Diaz,19520,24543
2025-01-29,Shawn Johnson,14947,22969
2025-01-06,Riley Thompson,17125,21797
2025-01-18,Finley Edwards,14458,18909
2025-01-07,Sage Baker,12318,15614
2025-01-10,Emerson Ingram,15874,23175
2025-01-29,Kai Kim,14620,18051
2025-01-02,Jesse Foster,15738,17790
2025-01-02,Bailey Foster,12948,17469
2025-01-26,Morgan Rivera,17941,20534
2025-01-18,Kai Johnson,20543,26849
2025-01-20,Jesse Kim,24269,31011
2025-01-20,Harper Diaz,12589,19997
2025-01-31,Reese Foster,24548,28037
2025-01-05,Logan Diaz,18160,19875
2025-01-14,Finley Baker,24064,33018
2025-01-14,Reese Garcia,18809,27099
2025-01-10,Sage Baker,24751,29388
2025-01-16,Micah Adams,29181,36184
2025-01-08,Hayden Ingram,14280,18432
2025-01-28,Dakota Adams,27206,29607
2025-01-14,Jesse Foster,12274,14440
2025-01-08,Harper Ingram,16687,21454
2025-01-12,Alex Lewis,16746,24310
2025-01-01,Quinn Edwards,14954,22472
2025-01-02,Parker Garcia,13669,14951
2025-01-04,Sam Diaz,31063,35260
2025-01-25,Skyler Edwards,23627,31975
2025-01-09,Hayden Foster,23091,26076
2025-01-20,Bailey Foster,25237,32544
2025-01-13,Micah Adams,16975,21513
2025-01-01,Dakota Adams,16005,18759
2025-01-21,Skyler Campbell,29607,36455
2025-01-07,Parker Garcia,14849,22500
2025-01-13,Elliot Lewis,15986,17463
2025-01-10,Cameron Hughes,20916,29098
2025-01-10,Jesse Foster,21785,23238
2025-01-08,Harper Ingram,23367,27728
2025-01-11,Hayden Adams,16219,21798
2025-01-05,Micah Lewis,15336,22878
2025-01-14,Bailey Garcia,20982,25866
2025-01-17,Kai Diaz,23714,25120
2025-01-31,Micah Adams,15076,20657
2025-01-26,Bailey Garcia,12546,15023
2025-01-26,Micah Adams,17414,19962
2025-01-08,Sam Diaz,24997,30876
2025-01-14,Quinn Campbell,16758,18610
2025-01-05,Parker Edwards,24465,29703
2025-01-26,Jesse Foster,22853,24342
2025-01-11,Sam Garcia,78998,
2025-01-05,Micah Adams,19670,28411
2025-01-29,Micah Johnson,15435,24117
2025-01-28,Morgan Rivera,26743,31757
2025-01-26,Carol Williams,29063,36492
2025-01-16,Rowan Edwards,21696,25413
2025-01-27,Dakota Adams,15609,16416
2025-01-26,Emerson Ingram,21834,28316
2025-01-15,Kai Baker,14047,21162
2025-01-03,Kai Johnson,37092,38333
2025-01-12,Parker Adams,24183,28193
2025-01-10,Sam Foster,12401,16345
2025-01-27,Parker Garcia,38886,43871
2025-01-18,Logan Campbell,24327,31749
2025-01-08,Morgan Rivera,25392,31963
2025-01-29,Rowan Edwards,19708,26998
2025-01-27,Elliot Kim,21551,30391
2025-01-12,Emerson Adams,12039,19636
2025-01-15,Parker Edwards,13389,14740
2025-01-22,Jordan Patel,25024,33011
2025-01-22,Drew Edwards,19628,25222
2025-01-11,Sam Diaz,12633,20777
2025-01-05,Micah Adams,28801,32856
2025-01-04,Bailey Campbell,13006,19214
2025-01-06,Jesse Kim,23348,31717
2025-01-27,Harper Lewis,16014,19170
2025-01-28,Jamie Martinez,65040,71820
2025-01-21,Hayden Garcia,23423,25875
2025-01-10,Skyler Edwards,16445,21555
2025-01-02,Reese Baker,14622,23397
2025-01-03,Cameron Hughes,17091,20314
2025-01-30,Quinn Baker,24376,29497
2025-01-13,Sam Diaz,17146,19139
2025-01-31,Elliot Lewis,26364,35186
2025-01-22,Sage Lewis,,6928
2025-01-26,Bailey Campbell,19981,20821
2025-01-22,Reese Baker,14124,17405
2025-01-28,Kendall Johnson,15379,18347
2025-01-26,Parker Garcia,25001,33159
2025-01-01,Drew Edwards,14158,17566
2025-01-10,Hayden Garcia,13247,19035
2025-01-21,Finley Edwards,19706,26805
2025-01-08,Jesse Hughes,14454,21867
2025-01-01,Logan Hughes,14253,15387
2025-01-25,Quinn Diaz,14990,20693
2025-01-10,Kai Campbell,11779,15484
2025-01-15,Reese Edwards,16073,21884
2025-01-29,Emerson Foster,22193,30436
2025-01-21,Kai Johnson,82374,
2025-01-17,Sam Garcia,25937,32984
2025-01-23,Payton Adams,17197,20971
2025-01-09,Sage Garcia,16271,24675
2025-01-21,Sam Garcia,23216,28088
2025-01-14,Payton Ingram,,4040
2025-01-19,Payton Ingram,13577,17852
2025-01-18,Sam Diaz,19599,24806
2025-01-31,Riley Thompson,16364,18105
2025-01-31,Quinn Garcia,14882,22165
2025-01-21,Cameron Baker,33554,34929
2025-01-14,Kai Diaz,26892,29640
2025-01-08,Hayden Garcia,28727,34978
2025-01-20,Sage Garcia,16344,24502
2025-01-01,Jesse Campbell,15356,21654
2025-01-21,Sam Diaz,18095,19262
2025-01-15,Kai Kim,13532,21842
2025-01-25,Parker Garcia,20932,25253
2025-01-05,Alex Lewis,17691,23069
2025-01-19,Emerson Kim,17063,17940
2025-01-07,Kai Baker,14326,17401
2025-01-19,Reese Foster,14480,22333
2025-01-06,Alex Lewis,13633,14618
2025-01-12,Emerson Foster,16730,17930
2025-01-13,Quinn Edwards,23155,29692
2025-01-21,Cameron Hughes,15450,16609
2025-01-27,Rowan Edwards,30127,37954
2025-01-16,Logan Garcia,12334,20553
2025-01-13,Payton Adams,18074,23475
2025-01-24,Sage Garcia,13622,20146
2025-01-02,Sage Garcia,11941,16697
2025-01-04,Alex Campbell,19019,27766
2025-01-26,Micah Kim,29375,33442
2025-01-12,Kendall Johnson,20435,23120
2025-01-07,Shawn Ingram,80959,
2025-01-19,Reese Edwards,12662,16532
2025-01-03,Hayden Campbell,18792,27235
2025-01-08,Kendall Johnson,14895,18407
2025-01-30,Harper Diaz,20744,22182
2025-01-30,Elliot Ingram,13391,20806
2025-01-19,Jordan Patel,15392,19760
2025-01-04,Micah Lewis,15132,21169
2025-01-25,Quinn Campbell,78823,
2025-01-24,Bailey Foster,23423,27417
2025-01-04,Hayden Garcia,16864,20513
2025-01-15,Avery Chen,23544,24356
2025-01-06,Hayden Foster,24424,28670
2025-01-02,Emerson Kim,22586,27765
2025-01-14,Hayden Ingram,13724,17243
2025-01-03,Shawn Ingram,19558,23728
2025-01-01,Payton Adams,15703,21525
2025-01-08,Morgan Rivera,16158,24464
2025-01-28,Payton Adams,14056,16306
2025-01-25,Elliot Kim,25712,34366
2025-01-21,Quinn Campbell,79490,
2025-01-03,Shawn Ingram,24956,27893
2025-01-04,Harper Diaz,27925,36339
2025-01-17,Elliot Garcia,15147,23298
2025-01-26,Parker Adams,14618,16439
2025-01-12,Payton Lewis,24217,33210
2025-01-28,Jamie Martinez,65520,71460
2025-01-25,Jesse Campbell,16888,25519
2025-01-28,Elliot Campbell,13430,17304
2025-01-07,Elliot Garcia,22671,27109
2025-01-12,Rowan Ingram,18415,24979
2025-01-26,Bailey Garcia,18719,19807
2025-01-10,Hayden Diaz,33347,39096
2025-01-25,Cameron Hughes,16447,18727
2025-01-15,Cameron Hughes,14770,17940
2025-01-18,Hayden Campbell,26215,28130
2025-01-31,Jesse Campbell,15222,18065
2025-01-31,Parker Edwards,25649,28548
2025-01-13,Finley Edwards,28877,30103
2025-01-05,Hayden Garcia,28071,30186
2025-01-28,Quinn Foster,27285,29059
2025-01-16,Skyler Campbell,12303,21274
2025-01-03,Shawn Edwards,15847,19717
2025-01-19,Elliot Kim,12411,13166
2025-01-20,Harper Baker,13944,18670
2025-01-21,Sam Foster,17386,20081
2025-01-23,Riley Thompson,27664,35366
2025-01-03,Jesse Foster,15020,20427
2025-01-13,Emerson Adams,13131,16377
2025-01-03,Drew Lewis,18711,19877
2025-01-06,Rowan Edwards,20279,23841
2025-01-25,Skyler Edwards,14622,19523
2025-01-20,Bailey Adams,22623,26513
2025-01-22,Casey Nguyen,22767,31563
2025-01-25,Sage Garcia,15194,23621
2025-01-16,Kendall Johnson,14896,17623
2025-01-02,Elliot Campbell,15620,16410
2025-01-28,Bailey Edwards,13782,20747
2025-01-17,Parker Garcia,12959,21837
2025-01-23,Kai Baker,21894,24192
2025-01-25,Drew Lewis,15132,23998
2025-01-07,Avery Chen,26743,35184
2025-01-30,Kai Hughes,16143,24908
2025-01-07,Elliot Kim,21150,27033
2025-01-13,Sam Adams,17430,24416
2025-01-15,Kai Baker,,6141
2025-01-23,Quinn Campbell,14543,18519
2025-01-02,Bailey Johnson,18841,20227
2025-01-21,Jesse Edwards,16562,24798
2025-01-29,Harper Garcia,15515,22152
2025-01-16,Parker Adams,17245,22243
2025-01-03,Shawn Johnson,13431,18008
2025-01-26,Drew Ingram,23005,28651
2025-01-25,Carol Williams,25603,26560
2025-01-06,Reese Adams,14585,21623
2025-01-04,Rowan Edwards,,638
2025-01-03,Cameron Lewis,17459,25835
2025-01-27,Emerson Adams,22477,26634
2025-01-29,Elliot Ingram,20093,21045
2025-01-17,Quinn Lewis,14693,15596
2025-01-24,Quinn Diaz,16811,19645
2025-01-05,Logan Garcia,21968,30118
2025-01-30,Skyler Foster,20517,28109
2025-01-25,Reese Adams,14191,18744
2025-01-06,Elliot Ingram,16332,20677
2025-01-27,Shawn Edwards,27148,29936
2025-01-12,Shawn Johnson,15880,21038
2025-01-06,Payton Baker,15749,17002
2025-01-08,Micah Adams,20361,23147
2025-01-13,Emerson Johnson,17774,22181
2025-01-17,Sage Foster,14077,17830
2025-01-04,Jesse Campbell,,4635
2025-01-26,Kai Diaz,12130,18597
2025-01-11,Kai Baker,15391,21266
2025-01-11,Rowan Edwards,12928,19040
2025-01-25,Reese Baker,24006,26449
2025-01-14,Emerson Ingram,16337,20450
2025-01-10,Jesse Foster,14561,19420
2025-01-04,Dakota Adams,16021,24290
2025-01-23,Bailey Garcia,20840,29589
2025-01-12,Shawn Lewis,,2790
2025-01-17,Jamie Martinez,16328,17467
2025-01-23,Jesse Foster,12060,19146
2025-01-28,Reese Foster,14825,22518
2025-01-05,Kai Hughes,13537,21638
2025-01-04,Hayden Campbell,25860,27848
2025-01-10,Harper Garcia,14575,21395
2025-01-05,Cameron Ingram,14855,19255
2025-01-07,Reese Baker,27479,35541
2025-01-29,Quinn Campbell,16558,23262
2025-01-30,Elliot Garcia,16741,19359
2025-01-01,Elliot Lewis,15365,16240
2025-01-19,Hayden Foster,23984,26081
2025-01-28,Shawn Lewis,23589,28447
2025-01-11,Quinn Lewis,15606,22217
2025-01-28,Skyler Foster,26132,33263
2025-01-14,Parker Edwards,16010,23522
2025-01-29,Rowan Ingram,18999,22675
2025-01-11,Hayden Garcia,12496,19598
2025-01-04,Drew Lewis,17348,20774
2025-01-17,Logan Hughes,21029,22219
2025-01-31,Elliot Kim,34235,41295
2025-01-21,Jordan Patel,26489,27798
2025-01-13,Quinn Garcia,23024,29241
2025-01-07,Quinn Campbell,22435,28357
2025-01-29,Sage Foster,29938,33521
2025-01-03,Shawn Kim,77502,
2025-01-21,Cameron Garcia,26705,35668
2025-01-16,Parker Garcia,19327,22722
2025-01-23,Parker Adams,15784,24420
2025-01-04,Drew Lewis,22645,30208
2025-01-03,Avery Chen,17164,22076
2025-01-21,Finley Hughes,15920,23400
2025-01-31,Shawn Kim,22852,24022
2025-01-11,Elliot Garcia,23776,25673
2025-01-03,Kai Johnson,27465,35602
2025-01-22,Rowan Garcia,14668,18794
2025-01-16,Jesse Campbell,17917,25740
2025-01-27,Skyler Baker,18252,20925
2025-01-31,Reese Foster,15131,23881
2025-01-14,Rowan Garcia,23102,30405
2025-01-03,Dakota Adams,14274,18534
2025-01-06,Jesse Foster,14144,19851
2025-01-13,Cameron Adams,23840,29215
2025-01-25,Quinn Lewis,21104,25283
2025-01-12,Alex Campbell,14488,19905
2025-01-09,Elliot Lewis,18042,19327
2025-01-03,Jesse Foster,22968,26651
2025-01-26,Finley Edwards,22679,25607
2025-01-03,Micah Kim,14467,22446
2025-01-26,Payton Baker,20884,25275
2025-01-06,Drew Diaz,24355,28849
2025-01-04,Sage Adams,25714,31900
2025-01-26,Payton Adams,15464,22681
2025-01-26,Rowan Ingram,25232,32373
2025-01-15,Quinn Garcia,20450,26266
2025-01-30,Drew Edwards,16210,19838
2025-01-06,Sage Baker,19137,23572
2025-01-11,Casey Nguyen,11579,17846
2025-01-24,Reese Edwards,14548,17562
2025-01-28,Alex Diaz,14197,23150
2025-01-10,Micah Adams,13980,20844
2025-01-09,Bailey Campbell,24463,32430
2025-01-27,Skyler Foster,28019,31784
2025-01-04,Reese Foster,14199,19949
2025-01-27,Skyler Campbell,24624,27546
2025-01-26,Hayden Foster,17502,22939
2025-01-15,Shawn Johnson,14832,16386
2025-01-04,Cameron Lewis,14589,19627
2025-01-22,Quinn Campbell,17864,26199
2025-01-15,Alex Lewis,28075,31780
2025-01-28,Avery Chen,15706,19501
2025-01-26,Jesse Campbell,28009,31309
2025-01-12,Shawn Kim,,3510
2025-01-22,Harper Diaz,23425,28203
2025-01-09,Hayden Garcia,13403,15529
2025-01-23,Micah Kim,22880,30533
2025-01-24,Hayden Adams,14599,22430
2025-01-06,Morgan Rivera,21703,25913
2025-01-15,Elliot Ingram,17226,20912
2025-01-15,Finley Baker,20271,28473
2025-01-19,Sam Garcia,22722,25148
2025-01-23,Rowan Edwards,12938,15806
2025-01-13,Elliot Kim,15186,22288
2025-01-16,Quinn Diaz,28492,31745
2025-01-22,Hayden Campbell,19672,22264
2025-01-04,Shawn Edwards,23962,31769
2025-01-18,Jesse Edwards,14958,18339
2025-01-10,Emerson Adams,15086,16922
2025-01-25,Jordan Patel,14989,20508
2025-01-06,Alex Diaz,13255,18925
2025-01-01,Logan Campbell,25023,27829
2025-01-13,Quinn Garcia,16239,21988
2025-01-14,Jesse Kim,13094,20311
2025-01-14,Micah Johnson,24976,31655
2025-01-27,Quinn Diaz,20770,22074
2025-01-13,Kendall Johnson,16089,21566
2025-01-13,Cameron Lewis,26120,30667
2025-01-15,Rowan Garcia,14879,16028
2025-01-23,Emerson Ingram,23962,30148
2025-01-21,Skyler Baker,24412,26551
2025-01-30,Payton Lewis,15201,22958
2025-01-08,Drew Diaz,33289,34328
2025-01-29,Rowan Garcia,,3366
2025-01-15,Quinn Foster,22972,27385
2025-01-13,Emerson Ingram,,4231
2025-01-22,Rowan Ingram,14100,17339
2025-01-19,Shawn Edwards,14661,21878
2025-01-27,Elliot Garcia,13831,14868
2025-01-12,Hayden Adams,17159,22883
2025-01-04,Logan Campbell,17196,17971
2025-01-20,Finley Baker,28578,35958
2025-01-28,Sam Foster,16236,20356
2025-01-25,Shawn Edwards,12797,21788
2025-01-20,Jesse Campbell,19533,26848
2025-01-14,Sage Baker,23626,29777
2025-01-03,Harper Ingram,15709,19973
2025-01-09,Bailey Garcia,22602,23995
2025-01-02,Parker Adams,26265,32779
2025-01-29,Parker Adams,15056,20646
2025-01-03,Emerson Ingram,15335,16320
2025-01-21,Harper Baker,14489,15322
2025-01-28,Quinn Foster,15784,23709
2025-01-12,Kai Kim,29277,33606
2025-01-31,Logan Hughes,16273,23098
2025-01-21,Harper Baker,26103,27478
2025-01-26,Cameron Lewis,12522,16463
2025-01-09,Reese Garcia,19978,25216
2025-01-03,Finley Hughes,14352,20500
2025-01-11,Shawn Ingram,20604,23449
2025-01-06,Quinn Garcia,16195,23500
2025-01-03,Micah Baker,16366,24837
2025-01-29,Dakota Adams,18625,27387
2025-01-10,Drew Foster,14520,19443
2025-01-26,Sam Diaz,26929,34989
2025-01-25,Reese Foster,15774,20847
2025-01-04,Hayden Foster,15519,21438
2025-01-09,Drew Edwards,26539,28633
2025-01-30,Quinn Edwards,26469,31009
2025-01-17,Reese Baker,14164,21380
2025-01-10,Finley Baker,18611,22032
2025-01-07,Harper Baker,23213,24555
2025-01-15,Alex Hughes,16005,20079
2025-01-09,Payton Baker,14627,23367
2025-01-31,Logan Garcia,21826,27186
2025-01-19,Hayden Campbell,33805,38911
2025-01-26,Micah Johnson,14585,20430
2025-01-09,Micah Baker,21951,25683
2025-01-07,Alex Campbell,23342,29911
2025-01-01,Reese Baker,76369,
2025-01-21,Payton Ingram,20500,22519
2025-01-08,Harper Garcia,21134,26542
2025-01-05,Harper Ingram,15456,22047
2025-01-06,Jesse Diaz,14568,21881
2025-01-10,Rowan Garcia,18162,23006
2025-01-06,Sage Garcia,12478,17989
2025-01-12,Kai Baker,16917,22146
2025-01-04,Elliot Campbell,15066,15865
2025-01-16,Hayden Garcia,15430,18115
2025-01-13,Bailey Johnson,30029,37637
2025-01-27,Cameron Adams,14653,21111
2025-01-29,Jordan Patel,19806,23188
2025-01-09,Harper Garcia,26417,34432
2025-01-05,Bailey Edwards,15229,21438
2025-01-18,Emerson Kim,16169,19510
2025-01-25,Riley Thompson,11418,15593
2025-01-16,Elliot Kim,17863,21093
2025-01-14,Bailey Foster,33564,40489
2025-01-13,Kai Baker,13321,22239
2025-01-27,Sam Garcia,14348,22789
2025-01-26,Carol Williams,14385,19828
2025-01-19,Emerson Adams,16395,23428
2025-01-20,Avery Chen,16676,22403
2025-01-24,Jesse Campbell,15993,24513
2025-01-11,Quinn Baker,14726,23358
2025-01-30,Micah Lewis,24016,32987
2025-01-07,Cameron Adams,16862,18740
2025-01-19,Reese Garcia,17383,23557
2025-01-13,Elliot Garcia,16884,22778
2025-01-03,Kai Hughes,16800,25219
2025-01-28,Hayden Campbell,23654,28870
2025-01-11,Micah Johnson,24009,29957
2025-01-02,Jesse Kim,13117,19569
2025-01-14,Sam Adams,29274,34051
2025-01-18,Rowan Edwards,15919,23886
2025-01-19,Kai Johnson,26128,30213
2025-01-16,Logan Hughes,14092,16564
2025-01-25,Avery Chen,25968,33116
2025-01-06,Elliot Garcia,21486,28838
2025-01-04,Hayden Foster,23511,25319
2025-01-18,Drew Foster,15871,19324
2025-01-27,Quinn Garcia,34246,42731
2025-01-12,Sage Baker,21933,23619
2025-01-22,Cameron Lewis,25988,33491
2025-01-28,Sage Baker,11983,20677
2025-01-24,Logan Diaz,22736,30691
2025-01-20,Micah Johnson,13404,20244
2025-01-30,Carol Williams,15671,23093
2025-01-15,Parker Garcia,15077,16466
2025-01-12,Bailey Hughes,13312,15891
2025-01-01,Sage Lewis,20819,26190
2025-01-23,Reese Adams,21832,24269
2025-01-18,Micah Johnson,15175,16953
2025-01-11,Carol Williams,15690,18906
2025-01-30,Quinn Campbell,21288,26194
2025-01-12,Drew Ingram,15166,23062
2025-01-20,Elliot Kim,12785,18277
2025-01-03,Micah Lewis,15118,17634
2025-01-26,Cameron Lewis,20320,24745
2025-01-15,Casey Nguyen,19819,25827
2025-01-10,Quinn Baker,16341,17337
2025-01-09,Carol Williams,26445,30080
2025-01-19,Bailey Foster,27611,34126
2025-01-18,Harper Garcia,14924,18641
2025-01-24,Carol Williams,15176,22342
2025-01-28,Shawn Ingram,24555,25371
2025-01-15,Kai Hughes,14388,22278
2025-01-28,Payton Lewis,18396,26268
2025-01-02,Elliot Garcia,13270,16682
2025-01-08,Kendall Johnson,22175,23884
2025-01-17,Finley Baker,32934,35950
2025-01-30,Elliot Adams,79166,
2025-01-03,Taylor Brooks,,8754
2025-01-15,Elliot Adams,25153,28612
2025-01-11,Jesse Foster,13580,19842
2025-01-03,Reese Foster,24733,27959
2025-01-31,Elliot Campbell,19381,23254
2025-01-23,Elliot Ingram,76868,
2025-01-07,Taylor Brooks,13448,21224
2025-01-29,Kendall Johnson,14117,18955
2025-01-12,Skyler Baker,13799,20127
2025-01-24,Elliot Garcia,14100,17861
2025-01-01,Elliot Lewis,17798,20575
2025-01-06,Quinn Diaz,21912,25700
2025-01-09,Jesse Hughes,17041,21984
2025-01-10,Kai Baker,13099,14781
2025-01-29,Elliot Adams,18610,27224
2025-01-08,Quinn Edwards,15170,17786
2025-01-21,Dakota Adams,33793,41388
2025-01-12,Sam Foster,15602,16866
2025-01-21,Jordan Patel,17190,24969
2025-01-12,Payton Lewis,16956,21418
2025-01-15,Micah Kim,16847,18282
2025-01-08,Emerson Adams,12605,15236
2025-01-09,Quinn Foster,15633,21140
2025-01-06,Skyler Baker,22615,25383
2025-01-26,Reese Adams,15322,22523
2025-01-20,Bailey Campbell,12474,19032
2025-01-25,Shawn Johnson,16658,22726
2025-01-12,Hayden Garcia,14682,22302
2025-01-24,Sage Baker,22742,28816
2025-01-10,Quinn Edwards,16591,24368
2025-01-12,Emerson Kim,12392,13485
2025-01-28,Quinn Garcia,14650,20441
2025-01-02,Reese Edwards,13428,14639
2025-01-22,Kai Kim,15497,16424
2025-01-20,Quinn Edwards,22183,28715
2025-01-15,Jesse Edwards,27266,32888
2025-01-04,Hayden Adams,17092,22709
2025-01-24,Sage Baker,14622,20138
2025-01-11,Elliot Campbell,26541,27858
2025-01-27,Quinn Baker,15280,20702
2025-01-13,Parker Garcia,,6744
2025-01-17,Kai Kim,17781,23526
2025-01-11,Cameron Garcia,36403,37552
2025-01-11,Kai Kim,15947,23193
2025-01-21,Shawn Edwards,24115,30981
2025-01-25,Dakota Adams,12305,18176
2025-01-21,Alex Campbell,14806,18286
2025-01-17,Jamie Martinez,21036,29233
2025-01-31,Taylor Brooks,13018,21853
2025-01-02,Reese Garcia,18858,22071
2025-01-31,Alex Diaz,16673,24383
2025-01-13,Payton Baker,18056,23883
2025-01-12,Sage Foster,16337,18292
2025-01-12,Quinn Edwards,23896,26941
2025-01-26,Quinn Lewis,20182,22056
2025-01-27,Quinn Garcia,25066,30947
2025-01-24,Harper Baker,17574,26299
2025-01-11,Elliot Lewis,14717,18837
2025-01-20,Jesse Campbell,30689,32434
2025-01-27,Sage Adams,24604,26135
2025-01-10,Hayden Foster,28231,31006
2025-01-21,Sage Garcia,14462,21204
2025-01-28,Bailey Johnson,21841,28087
2025-01-18,Elliot Ingram,15165,15898
2025-01-24,Finley Edwards,24585,32810
2025-01-23,Micah Lewis,15953,17445
2025-01-06,Cameron Baker,11912,16909
2025-01-21,Kendall Baker,16547,18380
2025-01-03,Sam Adams,25085,31210
2025-01-08,Hayden Ingram,20677,29096
2025-01-30,Alex Lewis,27336,28904
2025-01-16,Jesse Diaz,13123,14552
2025-01-15,Rowan Edwards,28424,36250
2025-01-02,Bailey Hughes,20391,22266
2025-01-18,Micah Adams,23034,30384
2025-01-14,Kendall Baker,20342,24784
2025-01-10,Rowan Edwards,15275,24233
2025-01-28,Jesse Diaz,13612,16154
2025-01-28,Hayden Foster,27945,29957
2025-01-22,Skyler Baker,23232,27337
2025-01-10,Micah Baker,15454,19566
2025-01-29,Shawn Kim,,7339
2025-01-24,Jesse Foster,15037,19098
2025-01-21,Drew Edwards,13796,17368
2025-01-01,Drew Diaz,24593,31410
2025-01-16,Cameron Garcia,18237,21356
2025-01-10,Harper Lewis,15906,21908
2025-01-18,Harper Ingram,19479,27737
2025-01-22,Bailey Johnson,16854,21975
2025-01-09,Elliot Garcia,16205,22752
2025-01-12,Parker Garcia,83511,
2025-01-17,Quinn Campbell,17232,19831
2025-01-02,Shawn Kim,23469,27153
2025-01-04,Carol Williams,19261,22061
2025-01-02,Payton Baker,15009,18809
2025-01-05,Parker Adams,15634,24344
2025-01-27,Reese Baker,12405,20593
2025-01-10,Cameron Adams,23224,29114
2025-01-22,Micah Adams,16099,21551
2025-01-08,Emerson Johnson,17022,23103
2025-01-07,Cameron Baker,14504,22822
2025-01-19,Shawn Kim,17072,20990
2025-01-28,Sage Baker,25026,26723
2025-01-20,Sam Garcia,17222,25719
2025-01-21,Jamie Martinez,23227,26075
2025-01-22,Shawn Edwards,15082,18105
2025-01-10,Payton Adams,27407,33464
2025-01-27,Shawn Edwards,14300,22689
2025-01-24,Rowan Edwards,14999,22024
2025-01-11,Sam Adams,23029,30187
2025-01-09,Shawn Johnson,16872,25619
2025-01-20,Hayden Diaz,16012,19308
2025-01-17,Jesse Kim,23076,27459
2025-01-25,Cameron Baker,23391,27303
2025-01-13,Rowan Edwards,75710,
2025-01-27,Micah Adams,15174,21841
2025-01-20,Sam Adams,15695,19324
2025-01-12,Quinn Baker,14355,20201
2025-01-28,Micah Edwards,18161,23754
2025-01-15,Emerson Adams,19217,24845
2025-01-06,Rowan Garcia,14539,21376
2025-01-19,Kai Kim,15734,21547
2025-01-06,Hayden Foster,17126,20450
2025-01-25,Cameron Ingram,15600,23483
2025-01-29,Sage Adams,17454,20499
2025-01-22,Alex Hughes,38158,43200
2025-01-22,Parker Adams,14183,16415
2025-01-18,Bailey Hughes,12689,17234
2025-01-24,Payton Lewis,77129,
2025-01-28,Reese Adams,14827,20296
2025-01-22,Hayden Garcia,12990,16864
2025-01-06,Kai Hughes,13204,14640
2025-01-03,Riley Thompson,12535,14702
2025-01-16,Cameron Ingram,13410,19469
2025-01-07,Parker Adams,14403,15429
2025-01-31,Quinn Diaz,15540,21936
2025-01-05,Alex Campbell,13170,14726
2025-01-24,Harper Baker,14331,15055
2025-01-28,Bailey Foster,16796,18252
2025-01-23,Sam Garcia,19689,28480
2025-01-28,Riley Thompson,20845,23033
2025-01-09,Sage Lewis,19661,24182
2025-01-07,Quinn Edwards,15418,17505
2025-01-22,Finley Baker,76202,
2025-01-18,Bailey Campbell,13054,17224
2025-01-20,Bailey Adams,30791,31757
2025-01-29,Jesse Hughes,27470,33081
2025-01-13,Skyler Campbell,14071,21364
2025-01-09,Alex Hughes,14088,15220
2025-01-20,Shawn Edwards,27127,30355
2025-01-19,Kai Diaz,14099,17307
2025-01-30,Finley Baker,19617,21975
2025-01-12,Reese Garcia,26831,32107
2025-01-18,Jesse Diaz,22372,29385
2025-01-19,Quinn Baker,15534,17911
2025-01-07,Sage Garcia,21612,26487
2025-01-26,Jesse Kim,30513,38883
2025-01-12,Sage Garcia,31437,34662
2025-01-08,Quinn Diaz,14998,19080
2025-01-06,Micah Kim,18348,22032
2025-01-22,Hayden Foster,23739,29858
2025-01-01,Micah Johnson,23081,28710
2025-01-12,Drew Lewis,14677,19901
2025-01-14,Alex Lewis,16062,16973
2025-01-23,Hayden Garcia,24822,27978
2025-01-10,Shawn Lewis,16270,22054
2025-01-29,Hayden Ingram,15738,20934
2025-01-08,Parker Adams,30183,31379
2025-01-05,Sage Baker,24640,31778
2025-01-29,Finley Hughes,26313,33573
2025-01-17,Hayden Campbell,15261,20034
2025-01-28,Taylor Brooks,17533,25796
2025-01-31,Elliot Adams,,3562
2025-01-20,Sage Baker,14057,16547
2025-01-03,Taylor Brooks,22606,23832
2025-01-04,Rowan Ingram,26213,31780
2025-01-29,Reese Garcia,22050,26630
2025-01-10,Hayden Ingram,19585,27636
2025-01-11,Drew Foster,14571,17149
2025-01-01,Drew Lewis,19051,24482
2025-01-19,Payton Lewis,27435,35820
2025-01-25,Rowan Ingram,16082,21287
2025-01-14,Bailey Foster,23170,31161
2025-01-23,Kai Kim,12949,18477
2025-01-14,Payton Adams,15001,23346
2025-01-10,Quinn Diaz,24705,28787
2025-01-05,Sage Baker,14848,22613
2025-01-03,Elliot Ingram,17266,20537
2025-01-08,Sage Garcia,23576,30584
2025-01-29,Rowan Ingram,13343,18508
2025-01-02,Skyler Foster,17232,20275
2025-01-07,Sage Garcia,15285,19635
2025-01-22,Sage Adams,14944,19571
2025-01-20,Quinn Diaz,14539,17840
2025-01-26,Quinn Baker,24920,27648
2025-01-29,Micah Baker,16539,20693
2025-01-25,Kendall Baker,25918,30264
2025-01-17,Kendall Johnson,19427,23368
2025-01-04,Micah Lewis,24449,30026
2025-01-13,Rowan Edwards,14200,22233
2025-01-20,Sage Lewis,15069,19647
2025-01-07,Alex Campbell,16786,19722
2025-01-08,Skyler Campbell,19924,24112
2025-01-18,Emerson Adams,14586,19485
2025-01-21,Quinn Baker,15562,20539
2025-01-30,Parker Adams,14963,19905
2025-01-30,Micah Johnson,16867,24983
2025-01-17,Kai Baker,17122,25778
2025-01-01,Parker Adams,23259,30186
2025-01-01,Bailey Adams,20448,27079
2025-01-07,Emerson Foster,23840,31114
2025-01-20,Micah Lewis,14982,18263
2025-01-25,Micah Kim,26454,31410
2025-01-03,Harper Lewis,14294,21124
2025-01-18,Bailey Foster,12626,19675
2025-01-14,Logan Campbell,26517,27347
2025-01-12,Skyler Baker,22385,23353
2025-01-07,Sam Foster,18231,24748
2025-01-20,Kai Kim,16137,18181
2025-01-01,Shawn Ingram,15258,18599
2025-01-31,Logan Garcia,30381,35801
2025-01-07,Harper Ingram,14932,16840
2025-01-17,Jesse Diaz,22613,27744
2025-01-12,Jesse Campbell,28499,35932
2025-01-26,Quinn Lewis,13995,19030
2025-01-30,Harper Ingram,16654,23382
2025-01-23,Micah Johnson,15211,16881
2025-01-07,Payton Ingram,13857,20968
2025-01-04,Quinn Baker,21266,26678
2025-01-24,Sage Garcia,31687,35331
2025-01-19,Micah Baker,,2766
2025-01-14,Logan Garcia,14934,15971
2025-01-10,Kai Diaz,16464,22941
2025-01-07,Jesse Diaz,16052,18341
2025-01-24,Jesse Edwards,14384,22273
2025-01-09,Quinn Lewis,14771,23705
2025-01-29,Sam Garcia,15039,21465
2025-01-26,Sam Adams,26747,33082
2025-01-30,Logan Garcia,26332,27583
2025-01-07,Quinn Garcia,26346,31129
2025-01-28,Reese Garcia,30921,38723
2025-01-03,Reese Foster,31883,38662
2025-01-19,Kai Hughes,15272,18225
2025-01-14,Quinn Lewis,21935,27416
2025-01-10,Drew Edwards,24817,30272
2025-01-22,Rowan Ingram,18105,26958
2025-01-27,Bailey Campbell,18041,25955
2025-01-20,Sage Adams,25610,32829
2025-01-19,Sam Diaz,17422,19114
2025-01-02,Elliot Campbell,19252,23078
2025-01-08,Drew Foster,13657,16732
2025-01-05,Harper Diaz,13822,17461
2025-01-20,Skyler Foster,12103,17782
2025-01-11,Sam Garcia,14487,19745
2025-01-07,Emerson Johnson,12920,17486
2025-01-17,Kai Hughes,25834,30634
2025-01-15,Hayden Diaz,14432,17423
2025-01-22,Bailey Foster,26685,28981
2025-01-28,Rowan Garcia,80312,
2025-01-17,Taylor Brooks,18232,21602
2025-01-22,Quinn Edwards,12504,14121
2025-01-22,Quinn Campbell,,6657
2025-01-10,Emerson Kim,26226,27293
2025-01-03,Micah Adams,22396,28796
2025-01-06,Reese Edwards,18049,26455
2025-01-11,Drew Diaz,80827,
2025-01-25,Skyler Edwards,32402,39845
2025-01-15,Drew Ingram,14806,22217
2025-01-17,Reese Foster,11503,19820
2025-01-17,Cameron Ingram,22942,24062
2025-01-24,Cameron Baker,13272,20078
2025-01-02,Bailey Campbell,14745,16498
2025-01-28,Rowan Garcia,18139,25466
2025-01-19,Alex Diaz,15267,22412
2025-01-27,Harper Ingram,15209,17233
2025-01-24,Carol Williams,23532,24867
2025-01-28,Jesse Hughes,17887,21847
2025-01-05,Emerson Adams,29768,35692
2025-01-12,Alex Lewis,26863,33764
2025-01-18,Drew Diaz,14774,16576
2025-01-12,Hayden Foster,20724,22223
2025-01-22,Micah Baker,14898,15992
2025-01-28,Drew Edwards,24397,29803
2025-01-31,Logan Diaz,15275,22837
2025-01-24,Riley Thompson,12386,20161
2025-01-11,Bailey Hughes,21374,28904
2025-01-21,Sage Foster,15453,18944
2025-01-01,Drew Foster,23585,29366
2025-01-11,Riley Thompson,27746,32430
2025-01-24,Payton Baker,23206,29652
2025-01-03,Logan Hughes,14291,19859
2025-01-30,Skyler Edwards,12846,17697
2025-01-16,Kai Johnson,26924,30955
2025-01-04,Kai Diaz,13429,20027
2025-01-05,Quinn Foster,24060,30363
2025-01-25,Jesse Edwards,13106,15850
2025-01-23,Jesse Kim,18125,23933
2025-01-16,Elliot Adams,14568,20575
2025-01-12,Harper Lewis,14414,18699
2025-01-23,Hayden Campbell,14870,18872
2025-01-29,Sage Baker,15792,17189
2025-01-24,Dakota Adams,14610,19762
2025-01-03,Kai Baker,16707,21180
2025-01-08,Sam Garcia,13569,14484
2025-01-13,Jordan Patel,14285,18717
2025-01-30,Harper Baker,14982,18073
2025-01-10,Parker Edwards,17627,25047
2025-01-13,Harper Ingram,13154,16934
2025-01-13,Quinn Baker,16056,23086
2025-01-17,Rowan Ingram,15913,24496
2025-01-28,Kendall Baker,15287,22178
2025-01-02,Bailey Edwards,12938,14475
2025-01-29,Kai Hughes,18092,21851
2025-01-26,Bailey Hughes,29858,37108
2025-01-07,Jesse Foster,17637,21223
2025-01-29,Harper Baker,13337,16927
2025-01-31,Quinn Campbell,16766,21903
2025-01-31,Kendall Johnson,30954,33433
2025-01-06,Shawn Johnson,14235,21973
2025-01-19,Finley Hughes,20547,23182
2025-01-15,Emerson Kim,15127,21214
2025-01-30,Bailey Campbell,12369,16622
2025-01-03,Quinn Baker,16929,22163
2025-01-04,Micah Baker,25001,25968
2025-01-21,Emerson Kim,19852,28347
2025-01-27,Kendall Johnson,14951,16634
2025-01-20,Taylor Brooks,23875,32560
2025-01-03,Jesse Diaz,26339,28762
2025-01-21,Elliot Ingram,28340,34467
2025-01-01,Reese Foster,15942,21898
2025-01-19,Avery Chen,15716,21106
2025-01-11,Shawn Edwards,36287,43500
2025-01-29,Parker Garcia,13373,14819
2025-01-26,Harper Baker,25541,31324
2025-01-28,Kai Diaz,21563,26933
2025-01-26,Shawn Edwards,13696,22074
2025-01-17,Sage Garcia,14712,15890
2025-01-27,Skyler Edwards,16398,19856
2025-01-08,Alex Hughes,20024,24522
2025-01-18,Quinn Edwards,15435,20384
2025-01-21,Kai Diaz,11657,13360
2025-01-08,Shawn Kim,78576,
2025-01-22,Carol Williams,19644,22805
2025-01-06,Finley Hughes,15257,21356
2025-01-15,Hayden Adams,22344,25174
2025-01-19,Reese Garcia,24453,27274
2025-01-22,Cameron Hughes,14226,15456
2025-01-01,Hayden Diaz,14848,16124
2025-01-08,Sam Garcia,15085,20731
2025-01-27,Finley Baker,14333,21197
2025-01-31,Bailey Edwards,18653,23911
2025-01-21,Elliot Lewis,16332,25049
2025-01-22,Sage Lewis,23917,32724
2025-01-24,Kendall Baker,28095,36195
2025-01-05,Shawn Edwards,16615,21996
2025-01-12,Emerson Johnson,13774,19465
2025-01-27,Hayden Diaz,15546,24223
2025-01-28,Shawn Kim,12886,17502
2025-01-18,Reese Edwards,12054,17045
2025-01-18,Kai Hughes,14622,21862
2025-01-02,Payton Adams,17428,25563
2025-01-08,Kai Hughes,14734,16596
2025-01-15,Sam Adams,13890,19665
2025-01-11,Shawn Johnson,82217,
2025-01-18,Jamie Martinez,16920,18923
2025-01-08,Kai Diaz,14358,20594
2025-01-22,Quinn Lewis,14922,19749
2025-01-03,Bailey Foster,25427,30997
2025-01-26,Drew Lewis,24886,31571
2025-01-23,Parker Adams,24982,28903
2025-01-10,Payton Lewis,13742,16605
2025-01-07,Rowan Ingram,13467,18341
2025-01-07,Emerson Kim,13421,17488
2025-01-23,Kai Diaz,21079,29860
2025-01-20,Reese Edwards,14463,22737
2025-01-04,Casey Nguyen,14772,19740
2025-01-27,Micah Johnson,22917,25384
2025-01-17,Micah Adams,24222,31615
2025-01-23,Micah Lewis,,5558
2025-01-22,Drew Foster,18252,23556
2025-01-03,Jesse Edwards,17333,23477
2025-01-26,Jesse Diaz,12318,19909
2025-01-15,Kendall Johnson,23007,25296
2025-01-24,Alex Hughes,19346,20839
2025-01-27,Cameron Adams,82879,
2025-01-24,Sam Diaz,15626,21256
2025-01-09,Bailey Adams,16409,17348
2025-01-19,Harper Garcia,14796,22629
2025-01-17,Hayden Foster,12427,15104
2025-01-14,Carol Williams,19071,25574
2025-01-06,Skyler Baker,12870,18407
2025-01-19,Bailey Adams,32162,39516
2025-01-31,Finley Hughes,18202,23475
2025-01-06,Emerson Adams,16669,19003
2025-01-03,Alex Lewis,27423,34079
2025-01-09,Reese Baker,14511,19672
2025-01-11,Sam Garcia,20738,26456
2025-01-22,Kendall Baker,16454,25072
2025-01-20,Sam Foster,24503,28557
2025-01-07,Shawn Kim,21433,25076
2025-01-09,Reese Edwards,20896,23307
2025-01-11,Riley Thompson,12669,20095
2025-01-27,Hayden Adams,14497,22075
2025-01-17,Kai Hughes,15990,21409
2025-01-21,Micah Baker,12588,19147
2025-01-29,Jamie Martinez,16187,21931
2025-01-23,Harper Baker,17655,23102
2025-01-25,Payton Lewis,,2535
2025-01-12,Payton Baker,16941,24145
2025-01-27,Hayden Diaz,26493,35272
2025-01-10,Emerson Johnson,15307,21898
2025-01-07,Sam Garcia,15041,20366
2025-01-06,Elliot Campbell,12833,17251
2025-01-27,Logan Campbell,14374,15841
2025-01-08,Elliot Lewis,18358,23308
2025-01-18,Riley Thompson,22597,24660
2025-01-29,Riley Thompson,13200,21795
2025-01-10,Hayden Adams,22216,30306
2025-01-03,Cameron Hughes,85193,
2025-01-30,Kendall Johnson,16675,20133
2025-01-12,Reese Garcia,14540,22970
2025-01-16,Kai Hughes,14518,18195
2025-01-17,Hayden Ingram,16494,24003
2025-01-16,Casey Nguyen,13057,19125
2025-01-13,Drew Foster,35437,40309
2025-01-17,Shawn Ingram,26326,35271
2025-01-24,Kai Diaz,13847,17716
2025-01-31,Jesse Diaz,17417,18580
2025-01-07,Rowan Edwards,23725,27288
2025-01-03,Finley Edwards,13106,18094
2025-01-01,Jamie Martinez,19509,24688
2025-01-16,Kendall Johnson,18281,26450
2025-01-24,Cameron Hughes,35197,38731
2025-01-10,Kai Campbell,19764,24079
2025-01-30,Cameron Hughes,15045,20730
2025-01-02,Sam Diaz,24245,29028
2025-01-11,Parker Edwards,13802,15152
2025-01-19,Bailey Hughes,21151,21873
2025-01-15,Sage Garcia,18753,25971
2025-01-26,Logan Campbell,26829,29179
2025-01-24,Quinn Campbell,20345,28065
2025-01-04,Kai Johnson,17069,24572
2025-01-13,Payton Adams,25967,27069
2025-01-04,Alex Lewis,23552,28072
2025-01-21,Quinn Baker,22174,31171
2025-01-28,Cameron Ingram,15775,22849
2025-01-07,Hayden Garcia,14791,20679
2025-01-20,Sam Diaz,21060,25547
2025-01-01,Parker Adams,14197,22709
2025-01-10,Skyler Baker,15600,23525
2025-01-05,Sage Lewis,15734,16500
2025-01-13,Emerson Johnson,30261,32131
2025-01-21,Cameron Adams,15811,17358
2025-01-25,Casey Nguyen,65520,71460
2025-01-27,Elliot Adams,26407,28040
2025-01-09,Cameron Baker,15814,23542
2025-01-18,Reese Baker,13923,16769
2025-01-13,Micah Lewis,28289,35424
2025-01-28,Elliot Ingram,14323,15414
2025-01-17,Harper Diaz,26429,29471
2025-01-13,Jesse Campbell,29524,34992
2025-01-15,Jesse Foster,18188,26656
2025-01-22,Finley Baker,16339,18242
2025-01-19,Sage Adams,15535,17890
2025-01-09,Logan Diaz,26166,32864
2025-01-23,Kai Hughes,21977,29548
2025-01-15,Kai Diaz,15450,18446
2025-01-09,Bailey Johnson,25410,29208
2025-01-30,Sage Baker,14453,21569
2025-01-15,Finley Baker,13465,15833
2025-01-14,Riley Thompson,14272,23171
2025-01-28,Kai Hughes,27056,35027
2025-01-09,Avery Chen,26198,34548
2025-01-30,Avery Chen,21606,26053
2025-01-05,Quinn Garcia,21229,22178
2025-01-05,Rowan Ingram,,2380
2025-01-08,Drew Edwards,20011,27990
2025-01-10,Micah Johnson,14105,16159
2025-01-30,Sage Lewis,25395,32281
2025-01-14,Quinn Baker,24789,33619
2025-01-15,Harper Ingram,27165,32955
2025-01-02,Rowan Ingram,23126,23986
2025-01-22,Skyler Baker,31419,36222
2025-01-19,Bailey Edwards,15140,16814
2025-01-06,Quinn Garcia,27590,30989
2025-01-03,Kai Campbell,14893,21056
2025-01-01,Hayden Campbell,20386,28678
2025-01-11,Kai Baker,13032,14650
2025-01-08,Micah Adams,14023,17539
2025-01-09,Hayden Adams,13372,14627
2025-01-16,Quinn Foster,14309,16058
2025-01-04,Parker Adams,14551,19214
2025-01-26,Parker Garcia,80230,
2025-01-13,Parker Adams,14396,22498
2025-01-13,Elliot Ingram,17559,19612
2025-01-22,Casey Nguyen,17129,19684
2025-01-01,Elliot Campbell,15145,16562
2025-01-13,Reese Adams,35644,39662
2025-01-05,Elliot Ingram,14089,16267
2025-01-15,Jesse Edwards,18051,23550
2025-01-14,Harper Baker,25001,29535
2025-01-05,Payton Ingram,20319,23651
2025-01-15,Quinn Edwards,26659,27547
2025-01-29,Logan Campbell,20783,24002
2025-01-30,Jesse Edwards,21618,27589
2025-01-07,Kai Diaz,20026,25708
2025-01-09,Shawn Kim,,7879
2025-01-03,Logan Campbell,12617,20709
2025-01-27,Hayden Campbell,13508,22390
2025-01-12,Jesse Kim,15202,17669
2025-01-17,Emerson Kim,18234,27072
2025-01-05,Hayden Diaz,17904,22520
2025-01-02,Sam Adams,27739,31417
2025-01-28,Jamie Martinez,65760,71280
2025-01-30,Elliot Campbell,14269,20674
2025-01-17,Reese Garcia,12974,15872
2025-01-31,Reese Baker,13852,16936
2025-01-24,Sage Lewis,28719,30945
2025-01-23,Reese Garcia,16299,25048
2025-01-27,Jesse Edwards,14120,22837
2025-01-20,Micah Edwards,16477,19479
2025-01-20,Bailey Foster,15193,24009
2025-01-15,Micah Kim,22713,31180
2025-01-15,Hayden Garcia,28548,32709
2025-01-19,Drew Edwards,27692,30506
2025-01-14,Hayden Garcia,17267,19405
2025-01-09,Bailey Edwards,11762,13578
2025-01-05,Cameron Ingram,22497,26957
2025-01-08,Alex Campbell,,5768
2025-01-04,Shawn Ingram,22518,28983
2025-01-21,Kai Hughes,15547,19226
2025-01-16,Elliot Ingram,21261,25069
2025-01-18,Skyler Campbell,32777,37250
2025-01-17,Shawn Johnson,12498,18075
2025-01-29,Skyler Baker,17276,20967
2025-01-27,Elliot Garcia,17995,19211
2025-01-13,Cameron Baker,23868,31372
2025-01-29,Drew Ingram,16029,17446
2025-01-12,Micah Kim,31977,37876
2025-01-02,Kai Johnson,15206,21430
2025-01-06,Logan Garcia,15512,19031
2025-01-20,Rowan Edwards,20174,21886
2025-01-08,Jesse Kim,14297,19186
2025-01-24,Sam Foster,21355,29907
2025-01-20,Emerson Foster,30271,34340
2025-01-11,Drew Ingram,14442,18760
2025-01-05,Finley Hughes,14374,18576
2025-01-23,Cameron Ingram,13046,18685
2025-01-13,Payton Ingram,78426,
2025-01-09,Jesse Foster,24654,27294
2025-01-30,Elliot Lewis,12845,19374
2025-01-03,Rowan Edwards,13779,20378
2025-01-24,Payton Ingram,16992,17851
2025-01-18,Casey Nguyen,21845,28109
2025-01-16,Hayden Foster,20039,26520
2025-01-18,Cameron Baker,18581,21025
2025-01-15,Jamie Martinez,24310,26318
2025-01-31,Jamie Martinez,25641,27005
2025-01-13,Shawn Edwards,15091,19085
2025-01-13,Drew Foster,28084,32174
2025-01-06,Elliot Campbell,20010,20922
2025-01-12,Micah Lewis,29494,31804
2025-01-16,Jamie Martinez,19243,26826
2025-01-20,Cameron Hughes,20655,24342
2025-01-07,Alex Hughes,15853,22628
2025-01-24,Parker Garcia,19592,21207
2025-01-23,Emerson Johnson,22126,28676
2025-01-28,Casey Nguyen,13738,15920
2025-01-20,Bailey Campbell,23046,24232
2025-01-22,Sam Diaz,14546,22843
2025-01-21,Jesse Hughes,16727,18920
2025-01-02,Harper Lewis,12598,20622
2025-01-23,Kai Kim,22253,29032
2025-01-18,Jesse Hughes,16567,22585
2025-01-17,Jesse Kim,16824,22137
2025-01-30,Quinn Campbell,14091,19364
2025-01-30,Finley Hughes,16217,19438
2025-01-19,Sam Foster,21675,26204
2025-01-16,Elliot Lewis,16259,24383
2025-01-04,Skyler Campbell,12646,19509
2025-01-24,Bailey Edwards,29562,38104
2025-01-22,Reese Adams,12181,12938
2025-01-22,Sam Adams,14482,15325
2025-01-06,Shawn Lewis,16869,19936
2025-01-07,Hayden Foster,23708,28017
2025-01-30,Bailey Foster,22136,28487
2025-01-04,Sage Baker,17622,24440
2025-01-13,Parker Edwards,19889,21445
2025-01-21,Micah Edwards,15381,17529
2025-01-15,Bailey Johnson,23311,27351
2025-01-30,Shawn Edwards,23782,24522
2025-01-22,Shawn Ingram,23390,29284
2025-01-11,Jesse Hughes,31246,36119
2025-01-29,Logan Campbell,16609,19240
2025-01-23,Rowan Ingram,16683,17981
2025-01-19,Riley Thompson,12581,18331
2025-01-31,Elliot Ingram,22924,27868
2025-01-19,Logan Campbell,14827,20710
2025-01-02,Shawn Edwards,14904,19910
2025-01-23,Harper Ingram,23013,30148
2025-01-14,Emerson Kim,13326,20787
2025-01-19,Jesse Diaz,15312,19317
2025-01-24,Emerson Foster,13586,19673
2025-01-30,Quinn Lewis,16063,22893
2025-01-19,Parker Garcia,30200,32834
2025-01-09,Emerson Johnson,38993,42715
2025-01-09,Sage Baker,22345,26167
2025-01-14,Harper Ingram,15100,19826
2025-01-17,Sam Adams,17896,18800
2025-01-06,Alex Campbell,15431,20634
2025-01-24,Cameron Hughes,25009,32923
2025-01-27,Emerson Johnson,85022,
2025-01-26,Sam Foster,15345,16660
2025-01-15,Finley Edwards,23730,27059
2025-01-06,Reese Foster,13711,17196
2025-01-01,Riley Thompson,23820,31908
2025-01-17,Elliot Kim,16353,23540
2025-01-04,Sam Adams,13676,15580
2025-01-16,Jesse Hughes,19764,26562
2025-01-22,Micah Edwards,27085,27965
2025-01-17,Quinn Campbell,23401,29631
2025-01-28,Micah Edwards,14631,15797
2025-01-27,Alex Campbell,25257,31887
2025-01-27,Sam Diaz,14875,19283
2025-01-23,Emerson Adams,13500,17406
2025-01-21,Quinn Campbell,15349,16880
2025-01-29,Drew Lewis,14842,17677
2025-01-05,Quinn Campbell,14857,16676
2025-01-28,Shawn Ingram,15067,23869
2025-01-29,Shawn Edwards,15954,19831
2025-01-19,Micah Johnson,16939,17894
2025-01-17,Jesse Campbell,18247,20538
2025-01-08,Micah Baker,22553,29662
2025-01-18,Quinn Garcia,11820,20679
2025-01-28,Logan Campbell,17540,18655
2025-01-30,Jamie Martinez,26833,30283
2025-01-04,Drew Ingram,17168,24958
2025-01-03,Dakota Adams,22694,24049
2025-01-25,Shawn Edwards,11266,12450
2025-01-03,Alex Diaz,19519,26461
2025-01-31,Harper Diaz,13875,20516
2025-01-13,Drew Lewis,22832,30842
2025-01-02,Quinn Lewis,15373,21426
2025-01-31,Bailey Campbell,13031,14697
2025-01-14,Cameron Adams,18602,23816
2025-01-05,Rowan Garcia,19156,23759
2025-01-07,Rowan Garcia,16345,21350
2025-01-29,Morgan Rivera,16989,17900
2025-01-13,Finley Edwards,16964,24808
2025-01-10,Elliot Garcia,19824,27640
2025-01-09,Bailey Johnson,,8618
2025-01-17,Logan Diaz,,2757
2025-01-24,Finley Hughes,20471,24591
2025-01-20,Sam Foster,17231,20775
2025-01-19,Quinn Lewis,23945,27290
2025-01-07,Reese Baker,21139,27064
2025-01-04,Emerson Ingram,22435,31012
2025-01-11,Harper Garcia,15008,23652
2025-01-02,Quinn Edwards,29804,33081
2025-01-20,Rowan Edwards,14119,16690
2025-01-05,Drew Lewis,24727,32368
2025-01-11,Reese Baker,24487,31710
2025-01-01,Jesse Foster,15214,19955
2025-01-15,Hayden Campbell,18883,25433
2025-01-10,Finley Hughes,23495,28230
2025-01-01,Bailey Garcia,24716,32627
2025-01-28,Sam Diaz,13660,21191
2025-01-08,Skyler Baker,16431,24286
2025-01-07,Riley Thompson,13116,19276
2025-01-24,Drew Edwards,15414,22566
2025-01-06,Harper Ingram,19064,24002
2025-01-25,Avery Chen,13383,21520
2025-01-01,Harper Lewis,13399,18112
2025-01-04,Payton Adams,12938,20583
2025-01-07,Jesse Hughes,26698,27920
2025-01-26,Sage Garcia,23106,28473
2025-01-20,Jamie Martinez,17497,20487
2025-01-14,Emerson Kim,24767,29156
2025-01-17,Bailey Hughes,18668,24525
2025-01-06,Micah Johnson,28509,30934
2025-01-05,Emerson Adams,23197,26836
2025-01-03,Alex Campbell,13742,21064
2025-01-28,Morgan Rivera,15861,23620
2025-01-29,Alex Diaz,,7214
2025-01-26,Skyler Edwards,14292,15455
2025-01-19,Sage Lewis,17579,24088
2025-01-10,Cameron Garcia,22032,28392
2025-01-28,Parker Adams,15021,17670
2025-01-04,Alex Lewis,14024,20578
2025-01-11,Kai Johnson,18012,21583
2025-01-17,Bailey Johnson,24725,28823
2025-01-29,Cameron Hughes,14645,21357
2025-01-23,Hayden Diaz,14892,16397
2025-01-07,Jesse Foster,25639,34153
2025-01-01,Emerson Adams,28789,36011
2025-01-21,Carol Williams,17240,18432
2025-01-27,Kendall Baker,35855,42133
2025-01-05,Shawn Lewis,14216,16722
2025-01-16,Logan Campbell,17864,23050
2025-01-10,Shawn Ingram,17937,23758
2025-01-14,Jamie Martinez,18452,22863
2025-01-17,Cameron Baker,11667,12576
2025-01-26,Harper Baker,16862,24463
2025-01-04,Reese Garcia,12558,16144
2025-01-21,Emerson Ingram,,6324
2025-01-24,Kendall Johnson,15215,19895
2025-01-11,Drew Edwards,16765,24836
2025-01-07,Kai Johnson,15796,19598
2025-01-09,Taylor Brooks,16424,24907
2025-01-26,Bailey Adams,25487,27429
2025-01-11,Riley Thompson,22736,24245
2025-01-27,Jesse Hughes,26900,35268
2025-01-10,Quinn Edwards,28625,36416
2025-01-06,Hayden Ingram,28703,32608
2025-01-15,Sage Adams,22701,23966
2025-01-28,Hayden Campbell,16506,21065
2025-01-25,Parker Adams,27317,32725
2025-01-27,Carol Williams,15904,24433
2025-01-22,Sage Lewis,15977,20191
2025-01-13,Alex Lewis,21326,27870
2025-01-25,Alex Diaz,16535,17701
2025-01-30,Micah Kim,17072,19030
2025-01-11,Skyler Edwards,16521,20574
2025-01-30,Drew Lewis,22961,28872
2025-01-23,Elliot Campbell,17603,23548
2025-01-13,Shawn Edwards,20432,23290
2025-01-04,Jesse Foster,14236,15473
2025-01-27,Logan Diaz,17200,25729
2025-01-14,Shawn Edwards,13612,16369
2025-01-31,Sage Foster,12729,15388
2025-01-25,Sam Foster,17126,18155
2025-01-08,Harper Lewis,12489,19062
2025-01-31,Micah Edwards,24069,29801
2025-01-13,Cameron Hughes,18706,25646
2025-01-15,Harper Lewis,23748,28629
2025-01-20,Elliot Lewis,19333,23512
2025-01-05,Kai Campbell,16267,18258
2025-01-03,Payton Baker,13420,21888
2025-01-05,Hayden Campbell,13692,22043
2025-01-08,Skyler Foster,16978,22065
2025-01-21,Micah Adams,29171,36308
2025-01-23,Kai Johnson,14391,18068
2025-01-30,Logan Garcia,17726,25665
2025-01-26,Cameron Hughes,14559,19165
2025-01-25,Kai Hughes,26333,28350
2025-01-11,Finley Edwards,16189,24523
2025-01-01,Quinn Edwards,25501,26963
2025-01-01,Jordan Patel,15190,21893
2025-01-16,Jesse Foster,18383,20712
2025-01-28,Quinn Baker,15261,21781
2025-01-24,Drew Ingram,15110,19914
2025-01-13,Cameron Ingram,17983,22555
2025-01-08,Micah Lewis,16553,22625
2025-01-29,Quinn Baker,15442,22690
2025-01-06,Parker Adams,23381,31699
2025-01-20,Alex Campbell,12635,15862
2025-01-13,Elliot Lewis,19195,20610
2025-01-15,Logan Garcia,13585,16489
2025-01-02,Avery Chen,16421,22460
2025-01-10,Sam Adams,15128,16762
2025-01-05,Alex Campbell,16677,21201
2025-01-07,Carol Williams,20713,23397
2025-01-17,Kai Campbell,15086,22275
2025-01-28,Shawn Lewis,31074,37896
2025-01-26,Emerson Adams,17476,19823
2025-01-25,Drew Lewis,78445,
2025-01-23,Reese Edwards,23303,28725
2025-01-13,Hayden Diaz,17970,24396
2025-01-02,Avery Chen,25701,32802
2025-01-09,Kendall Baker,16047,16862
2025-01-29,Hayden Foster,15588,17705
2025-01-21,Bailey Foster,15181,22730
2025-01-05,Alex Diaz,16019,17023
2025-01-26,Taylor Brooks,12076,13102
2025-01-17,Quinn Edwards,20802,26885
2025-01-22,Payton Baker,13906,21190
2025-01-07,Finley Hughes,15570,21136
2025-01-17,Bailey Garcia,14641,23228
2025-01-20,Micah Adams,32487,34631
2025-01-26,Emerson Kim,28832,36576
2025-01-03,Sage Baker,15216,17222
2025-01-17,Emerson Johnson,15610,24123
2025-01-16,Alex Campbell,20739,21624
2025-01-03,Logan Garcia,17304,20779
2025-01-31,Cameron Garcia,20908,27114
2025-01-07,Logan Campbell,14686,18913
2025-01-13,Sage Baker,17731,26286
2025-01-21,Avery Chen,17830,25192
2025-01-11,Bailey Campbell,11917,12725
2025-01-15,Elliot Kim,83637,
2025-01-13,Elliot Adams,13005,14686
2025-01-29,Jordan Patel,15746,18931
2025-01-17,Drew Edwards,24351,28292
2025-01-25,Elliot Campbell,11722,15673
2025-01-28,Payton Ingram,16262,17917
2025-01-31,Micah Baker,17411,18926
2025-01-03,Skyler Baker,15139,23701
2025-01-23,Parker Edwards,14428,17315
2025-01-09,Logan Campbell,,1284
2025-01-07,Bailey Hughes,15061,23214
2025-01-29,Drew Diaz,24573,25933
2025-01-05,Hayden Diaz,24784,31308
2025-01-21,Rowan Ingram,16570,19219
2025-01-22,Logan Campbell,12856,17709
2025-01-29,Payton Adams,16599,22139
2025-01-16,Bailey Campbell,31568,39991
2025-01-14,Sage Foster,22310,23770
2025-01-27,Payton Lewis,16128,18047
2025-01-18,Rowan Ingram,15437,17634
2025-01-16,Logan Garcia,31796,35137
2025-01-17,Logan Diaz,17653,24075
2025-01-27,Drew Foster,22393,29772
2025-01-14,Parker Garcia,23837,31953
2025-01-26,Kai Diaz,20252,28243
2025-01-18,Drew Ingram,15851,16765
2025-01-23,Bailey Campbell,29149,36102
2025-01-17,Shawn Kim,15344,20405
2025-01-26,Quinn Foster,16877,24217
2025-01-04,Bailey Edwards,25665,31150
2025-01-06,Reese Garcia,21702,25109
2025-01-22,Harper Garcia,15618,17415
2025-01-03,Bailey Campbell,16053,20682
2025-01-30,Elliot Adams,11871,20714
2025-01-11,Shawn Ingram,13840,19382
2025-01-23,Cameron Adams,13153,17008
2025-01-14,Kai Baker,24613,32949
2025-01-25,Hayden Campbell,13351,20090
2025-01-23,Reese Foster,15794,16561
2025-01-04,Alex Diaz,15981,21277
2025-01-15,Hayden Diaz,20173,23840
2025-01-27,Cameron Ingram,13422,20406
2025-01-13,Hayden Foster,26383,31135
2025-01-27,Reese Edwards,,3683
2025-01-22,Micah Lewis,85029,
2025-01-17,Cameron Garcia,14806,21141
2025-01-03,Logan Garcia,21676,26964
2025-01-26,Drew Edwards,14072,18220
2025-01-15,Jordan Patel,13191,20218
2025-01-12,Jamie Martinez,28692,31785
2025-01-04,Emerson Kim,12379,15413
2025-01-08,Payton Ingram,15848,21250
2025-01-21,Alex Lewis,28758,33705
2025-01-17,Avery Chen,15893,21791
2025-01-19,Kendall Johnson,22626,26094
2025-01-20,Hayden Foster,15646,17424
2025-01-03,Hayden Foster,12209,16157
2025-01-25,Jesse Foster,23287,29112
2025-01-18,Micah Adams,17990,19743
2025-01-31,Micah Lewis,24206,32990
2025-01-26,Reese Edwards,80243,
2025-01-10,Parker Garcia,14972,15762
2025-01-24,Drew Diaz,15624,19614
2025-01-22,Cameron Hughes,19930,28594
2025-01-22,Jesse Foster,14934,18926
2025-01-28,Logan Campbell,19378,20839
2025-01-05,Alex Diaz,26844,30183
2025-01-24,Harper Diaz,13485,22049
2025-01-12,Kai Baker,14443,15844
2025-01-19,Cameron Hughes,14035,20634
2025-01-19,Reese Baker,32170,38047
2025-01-13,Logan Hughes,17416,21257
2025-01-10,Sage Foster,17005,24789
2025-01-10,Jesse Kim,20880,25109
2025-01-01,Elliot Garcia,24598,30026
2025-01-31,Micah Johnson,20326,22905
2025-01-12,Elliot Kim,12825,18263
2025-01-01,Cameron Baker,23655,25256
2025-01-11,Parker Adams,14200,23092
2025-01-20,Kendall Johnson,15301,16545
2025-01-30,Rowan Edwards,24176,30639
2025-01-28,Quinn Edwards,25722,32858
2025-01-17,Payton Baker,14697,20063
2025-01-12,Kai Hughes,17438,18430
2025-01-08,Kai Campbell,15674,21361
2025-01-13,Hayden Adams,18399,25356
2025-01-02,Sam Diaz,14957,23505
2025-01-12,Payton Ingram,17363,24201
2025-01-10,Cameron Ingram,22297,25466
2025-01-25,Sage Foster,14940,15916
2025-01-18,Hayden Garcia,11744,17880
2025-01-11,Taylor Brooks,21476,24203
2025-01-05,Reese Adams,15876,21603
2025-01-09,Harper Lewis,16765,23082
2025-01-27,Rowan Ingram,13492,15488
2025-01-31,Finley Edwards,13441,20067
2025-01-08,Morgan Rivera,36264,37560
2025-01-02,Finley Hughes,14941,21578
2025-01-09,Cameron Lewis,25511,34287
2025-01-12,Morgan Rivera,15889,23795
2025-01-31,Morgan Rivera,15080,23752
2025-01-14,Bailey Foster,16345,20757
2025-01-07,Reese Adams,23961,26402
2025-01-19,Logan Diaz,21499,22558
2025-01-03,Shawn Ingram,,1784
2025-01-08,Carol Williams,15460,21110
2025-01-30,Kai Campbell,15263,21802
2025-01-18,Alex Diaz,20669,28465
2025-01-14,Kai Hughes,21356,26720
2025-01-14,Jesse Campbell,33802,38268
2025-01-01,Bailey Foster,17837,23058
2025-01-05,Jordan Patel,26818,29138
2025-01-07,Logan Diaz,24576,27520
2025-01-30,Cameron Baker,17652,22934
2025-01-26,Finley Baker,25610,34188
2025-01-23,Drew Lewis,14023,16769
2025-01-20,Cameron Baker,16394,23690
2025-01-13,Quinn Foster,13139,15183
2025-01-14,Emerson Johnson,20176,27838
2025-01-12,Quinn Garcia,14232,21805
2025-01-08,Reese Garcia,15151,20203
2025-01-20,Alex Lewis,12869,14858
2025-01-16,Harper Baker,16779,22756
2025-01-22,Logan Hughes,17277,25784
2025-01-09,Jesse Diaz,20806,28765
2025-01-24,Kai Campbell,21609,25004
2025-01-17,Parker Adams,28157,37065
2025-01-02,Quinn Edwards,,3367
2025-01-11,Micah Baker,19211,22537
2025-01-12,Cameron Hughes,23328,31208
2025-01-07,Dakota Adams,26471,35203
2025-01-08,Hayden Ingram,30347,35658
2025-01-14,Reese Adams,15439,18396
2025-01-04,Jesse Hughes,15259,19228
2025-01-19,Cameron Baker,13830,22264
2025-01-16,Micah Baker,19095,22452
2025-01-05,Bailey Johnson,15199,19874
2025-01-11,Sage Adams,13438,21112
2025-01-30,Bailey Johnson,13815,15737
2025-01-01,Bailey Edwards,20593,25047
2025-01-20,Hayden Ingram,24616,31168
2025-01-27,Payton Baker,16551,25503
2025-01-19,Cameron Hughes,23711,30260
2025-01-28,Micah Baker,24895,28296
2025-01-22,Harper Baker,19318,27347
2025-01-31,Quinn Diaz,,8696
2025-01-19,Hayden Campbell,24116,31453
2025-01-15,Emerson Johnson,15766,21029
2025-01-22,Quinn Baker,16798,24086
2025-01-01,Quinn Lewis,14452,23126
2025-01-04,Sage Garcia,15871,19793
2025-01-26,Shawn Kim,27215,31739
2025-01-20,Quinn Lewis,21806,28952
2025-01-19,Harper Ingram,19971,23047
2025-01-06,Skyler Campbell,18552,26660
2025-01-19,Kai Johnson,14720,17440
2025-01-13,Payton Ingram,27925,33686
2025-01-14,Logan Hughes,27235,35469
2025-01-14,Alex Diaz,13762,18765
2025-01-29,Hayden Diaz,13725,16725
2025-01-07,Elliot Campbell,16554,17926
2025-01-17,Elliot Adams,24765,26240
2025-01-06,Sage Lewis,30251,34818
2025-01-10,Taylor Brooks,18116,24961
2025-01-29,Emerson Johnson,16097,24247
2025-01-22,Micah Johnson,19865,28687
2025-01-05,Emerson Johnson,18538,21023
2025-01-10,Reese Adams,24329,25286
2025-01-05,Alex Hughes,15704,17889
2025-01-29,Alex Diaz,11943,14323
2025-01-29,Shawn Edwards,21153,25043
2025-01-07,Alex Campbell,76078,
2025-01-09,Logan Garcia,18876,21626
2025-01-24,Elliot Garcia,20291,21332
2025-01-02,Micah Adams,16083,24104
2025-01-20,Drew Lewis,15586,21277
2025-01-30,Alex Lewis,17046,24007
2025-01-18,Skyler Baker,18436,24529
2025-01-17,Sage Adams,12884,17719
2025-01-02,Drew Ingram,15293,21542
2025-01-16,Logan Campbell,27378,31294
2025-01-18,Quinn Foster,16778,22119
2025-01-08,Alex Lewis,21269,24744
2025-01-25,Payton Adams,14769,21832
2025-01-14,Drew Diaz,17882,26443
2025-01-18,Payton Adams,14962,22069
2025-01-06,Cameron Ingram,16266,17265
2025-01-04,Parker Garcia,21100,27002
2025-01-23,Parker Edwards,20718,23958
2025-01-07,Bailey Garcia,12588,19642
2025-01-30,Quinn Diaz,13454,19659
2025-01-17,Kendall Baker,19326,25985
2025-01-11,Skyler Baker,13917,16989
2025-01-06,Sage Adams,20540,22982
2025-01-13,Drew Diaz,14913,20391
2025-01-19,Elliot Lewis,25957,28127
2025-01-31,Elliot Adams,34180,38255
2025-01-08,Sage Lewis,12865,15031
2025-01-15,Bailey Hughes,25304,30909
2025-01-06,Rowan Ingram,32016,39422
2025-01-12,Parker Edwards,18565,27178
2025-01-30,Micah Adams,14823,19440
2025-01-01,Kendall Baker,15410,20319
2025-01-07,Payton Lewis,19754,26476
2025-01-15,Quinn Campbell,20131,27858
2025-01-25,Bailey Hughes,25821,30520
2025-01-17,Finley Hughes,26993,33639
2025-01-26,Drew Lewis,15615,22227
2025-01-02,Hayden Diaz,19817,22844
2025-01-06,Cameron Hughes,15956,24487
2025-01-25,Hayden Ingram,,2445
2025-01-31,Reese Adams,19669,24543
2025-01-07,Hayden Garcia,22001,24477
2025-01-28,Quinn Diaz,24813,32463
2025-01-05,Payton Ingram,15798,17887
2025-01-05,Morgan Rivera,15971,22732
2025-01-13,Rowan Garcia,23755,28293
2025-01-29,Kendall Baker,12570,15241
2025-01-15,Jamie Martinez,27700,29320
2025-01-11,Hayden Foster,15168,23689
2025-01-09,Elliot Kim,13930,15736
2025-01-03,Bailey Johnson,20158,27526
2025-01-18,Skyler Edwards,14651,17053
2025-01-15,Micah Edwards,81685,
2025-01-07,Dakota Adams,14110,18833
2025-01-08,Emerson Johnson,12146,15405
2025-01-12,Elliot Adams,15681,20096
2025-01-13,Emerson Kim,12870,20030
2025-01-28,Finley Baker,19322,24063
2025-01-30,Shawn Kim,16132,18414
2025-01-25,Jesse Diaz,15558,22562
2025-01-08,Logan Garcia,25883,33692
2025-01-10,Sage Baker,31382,36449
2025-01-03,Quinn Baker,23954,27495
2025-01-04,Sage Lewis,12825,19531
2025-01-17,Quinn Baker,19500,26219
2025-01-08,Sage Foster,16023,24212
2025-01-31,Cameron Lewis,21848,28731
2025-01-21,Jesse Edwards,32699,33634
2025-01-13,Reese Adams,15963,21149
2025-01-04,Quinn Lewis,26350,31881
2025-01-17,Harper Lewis,14137,17896
2025-01-30,Jesse Hughes,14634,18046
2025-01-08,Sage Foster,12854,15427
2025-01-02,Kai Johnson,24440,33274
2025-01-21,Cameron Lewis,14119,21832
2025-01-26,Drew Diaz,14211,17101
2025-01-05,Drew Edwards,15713,21022
2025-01-09,Parker Edwards,16671,18017
2025-01-14,Rowan Edwards,16395,19147
2025-01-10,Sage Adams,12304,16305
2025-01-08,Bailey Johnson,78709,
2025-01-18,Finley Baker,11980,18062
2025-01-17,Alex Lewis,15219,24130
2025-01-22,Micah Lewis,14777,17395
2025-01-03,Skyler Campbell,16263,22070
2025-01-25,Shawn Lewis,12865,17013
2025-01-23,Jesse Edwards,16323,18836
2025-01-03,Bailey Edwards,12861,19942
2025-01-07,Elliot Garcia,29438,38314
2025-01-14,Bailey Campbell,79347,
2025-01-28,Quinn Lewis,14873,18636
2025-01-29,Kai Johnson,11669,17912
2025-01-22,Emerson Foster,22787,27533
2025-01-18,Skyler Baker,15824,17650
2025-01-24,Skyler Edwards,36406,38906
2025-01-12,Sage Foster,14163,15370
2025-01-18,Sam Foster,12827,21514
2025-01-23,Hayden Ingram,21138,25310
2025-01-29,Sage Adams,23591,32308
2025-01-23,Hayden Foster,14340,22898
2025-01-20,Kai Diaz,80437,
2025-01-05,Jesse Hughes,21886,27387
2025-01-30,Cameron Hughes,21459,29034
2025-01-25,Alex Campbell,16124,22051
2025-01-24,Shawn Kim,14793,22239
2025-01-04,Harper Ingram,19867,20641
2025-01-14,Elliot Kim,16285,21155
2025-01-05,Quinn Campbell,19713,28262
2025-01-17,Kendall Baker,17133,18984
2025-01-28,Elliot Kim,27095,33063
2025-01-11,Elliot Lewis,21270,23886
2025-01-04,Hayden Diaz,11929,20247
2025-01-28,Sage Lewis,15742,22049
2025-01-28,Kendall Baker,22549,26697
2025-01-24,Micah Kim,31303,39689
2025-01-20,Payton Lewis,21727,23630
2025-01-10,Kendall Johnson,23225,30443
2025-01-14,Finley Hughes,16237,22523
2025-01-23,Kendall Baker,15358,18211
2025-01-08,Hayden Adams,17045,26038
2025-01-24,Emerson Johnson,20360,23638
2025-01-05,Bailey Garcia,15537,17784
2025-01-09,Logan Campbell,19101,27754
2025-01-14,Rowan Edwards,28257,29589
2025-01-23,Jesse Kim,14954,16082
2025-01-28,Drew Ingram,13143,13917
2025-01-27,Logan Hughes,23237,26660
2025-01-08,Kai Kim,24108,29516
2025-01-04,Elliot Adams,14933,22785
2025-01-08,Elliot Ingram,14748,16999
2025-01-20,Harper Diaz,21022,25857
2025-01-20,Quinn Diaz,22101,25875
2025-01-02,Jesse Diaz,17597,23171
2025-01-24,Micah Edwards,26810,28508
2025-01-05,Sam Foster,23204,28537
2025-01-31,Emerson Kim,,8533
2025-01-10,Payton Adams,36195,42013
2025-01-20,Finley Edwards,12347,19546
2025-01-17,Bailey Edwards,13436,17027
2025-01-18,Kendall Baker,16738,18736
2025-01-20,Cameron Hughes,14694,17627
2025-01-07,Cameron Garcia,15691,19357
2025-01-27,Alex Diaz,14482,18699
2025-01-07,Riley Thompson,22572,29104
2025-01-23,Jamie Martinez,15303,16961
2025-01-06,Jesse Hughes,35841,41444
2025-01-31,Sam Adams,23685,30737
2025-01-21,Cameron Ingram,22503,26656
2025-01-12,Sage Adams,15854,18433
2025-01-08,Parker Edwards,14029,20557
2025-01-08,Sage Baker,22695,31452
2025-01-25,Shawn Kim,13652,17917
2025-01-13,Reese Adams,24555,32545
2025-01-09,Micah Johnson,24343,29581
2025-01-16,Shawn Kim,14198,19610
2025-01-10,Sage Garcia,12886,21180
2025-01-30,Micah Edwards,14713,19713
2025-01-06,Sage Lewis,14273,18740
2025-01-08,Cameron Hughes,15702,20094
2025-01-29,Dakota Adams,27874,31739
2025-01-18,Kai Diaz,14840,17318
2025-01-15,Elliot Ingram,21607,27452
2025-01-01,Quinn Garcia,13934,19359
2025-01-11,Cameron Hughes,13385,16205
2025-01-02,Rowan Garcia,14803,17769
2025-01-02,Skyler Baker,15053,20649
2025-01-23,Sage Lewis,17926,21948
2025-01-03,Payton Lewis,34805,37744
2025-01-13,Harper Baker,13798,19351
2025-01-28,Sage Foster,22314,31249
2025-01-19,Emerson Johnson,15433,20005
2025-01-10,Micah Kim,15749,23371
2025-01-03,Harper Garcia,22624,28287
2025-01-13,Cameron Garcia,26106,34945
2025-01-13,Bailey Hughes,15937,18359
2025-01-20,Payton Lewis,11795,18409
2025-01-02,Emerson Kim,15518,19302
2025-01-23,Bailey Johnson,14122,15876
2025-01-03,Hayden Campbell,31168,34624
2025-01-21,Hayden Diaz,17436,24601
2025-01-10,Alex Diaz,13401,16096
2025-01-11,Sage Lewis,25995,28369
2025-01-26,Drew Edwards,22312,27176
2025-01-29,Logan Hughes,21212,25145
2025-01-28,Shawn Kim,18773,25901
2025-01-30,Micah Lewis,14514,20245
2025-01-14,Kendall Johnson,25556,33072
2025-01-13,Cameron Hughes,14246,16527
2025-01-14,Bailey Campbell,16397,18396
2025-01-01,Bailey Campbell,19426,22042
2025-01-23,Elliot Ingram,25318,30602
2025-01-07,Sage Adams,21518,30388
2025-01-07,Payton Lewis,15058,18629
2025-01-22,Jesse Edwards,15059,23071
2025-01-06,Drew Foster,19492,25669
2025-01-24,Sam Garcia,13970,20934
2025-01-30,Bailey Edwards,21768,25141
2025-01-07,Alex Hughes,34741,38426
2025-01-18,Reese Garcia,22765,30633
2025-01-17,Rowan Garcia,12662,15548
2025-01-11,Quinn Edwards,21879,27975
2025-01-26,Carol Williams,21182,26894
2025-01-23,Finley Baker,13280,21630
2025-01-12,Casey Nguyen,13043,19973
2025-01-21,Taylor Brooks,16483,21772
2025-01-26,Sage Baker,26713,34139
2025-01-13,Quinn Diaz,19830,26815
2025-01-26,Skyler Foster,14432,16837
2025-01-26,Harper Lewis,15655,18909
2025-01-24,Jesse Kim,20987,25801
2025-01-26,Jordan Patel,18237,23642
2025-01-19,Finley Baker,14923,19550
2025-01-18,Parker Garcia,21902,29169
2025-01-23,Finley Baker,,7459
2025-01-25,Finley Hughes,13910,18574
2025-01-29,Sam Diaz,20960,24312
2025-01-31,Payton Baker,15411,16392
2025-01-18,Logan Hughes,13737,17208
2025-01-02,Reese Edwards,25503,29202
2025-01-19,Bailey Garcia,23360,25330
2025-01-28,Skyler Edwards,17280,19216
2025-01-07,Payton Adams,14856,22034
2025-01-25,Rowan Garcia,12735,20268
2025-01-05,Kai Johnson,25002,26717
2025-01-28,Micah Baker,16458,22479
2025-01-13,Drew Ingram,22648,24584
2025-01-13,Drew Ingram,18782,19520
2025-01-06,Logan Campbell,18256,23364
2025-01-04,Shawn Kim,24256,30774
2025-01-01,Kai Campbell,16278,20179
2025-01-14,Drew Edwards,14461,18709
2025-01-03,Jesse Kim,18152,23651
2025-01-11,Jesse Kim,20498,26055
2025-01-12,Parker Edwards,27949,33207
2025-01-06,Reese Baker,17410,25313
2025-01-19,Bailey Foster,16984,24382
2025-01-08,Hayden Foster,14666,21123
2025-01-10,Hayden Garcia,23085,29385
2025-01-29,Kai Diaz,23365,26529
2025-01-11,Sage Foster,14504,17889
2025-01-30,Cameron Baker,13019,15278
2025-01-29,Drew Lewis,19923,28713
2025-01-21,Kendall Johnson,13809,19774
2025-01-02,Reese Baker,,888
2025-01-21,Casey Nguyen,25002,33859
2025-01-03,Bailey Johnson,12117,19438
2025-01-02,Bailey Johnson,14150,15656
2025-01-15,Finley Hughes,,5240
2025-01-25,Kai Hughes,15233,23325
2025-01-20,Finley Baker,14420,18987
2025-01-04,Taylor Brooks,16988,19989
2025-01-26,Parker Edwards,17049,24867
2025-01-22,Bailey Edwards,32161,40308
2025-01-15,Cameron Lewis,14820,19635
2025-01-13,Kai Kim,15948,18289
2025-01-22,Quinn Diaz,18085,19499
2025-01-18,Kai Johnson,27933,30090
2025-01-09,Skyler Edwards,21469,24885
2025-01-13,Hayden Garcia,15624,19523
2025-01-22,Jamie Martinez,21840,29695
2025-01-12,Jordan Patel,12125,20494
2025-01-19,Bailey Hughes,17550,18827
2025-01-19,Reese Adams,14487,21430
2025-01-16,Emerson Johnson,17764,20587
2025-01-09,Emerson Johnson,17252,23824
2025-01-30,Cameron Ingram,14604,18826
2025-01-31,Harper Ingram,29592,35330
2025-01-21,Parker Garcia,18705,24007
2025-01-05,Reese Baker,24636,27142
2025-01-06,Kai Johnson,18517,19463
2025-01-26,Hayden Diaz,23490,30290
2025-01-03,Parker Garcia,22747,31148
2025-01-07,Dakota Adams,20458,22948
2025-01-09,Micah Kim,15565,19415
2025-01-30,Shawn Edwards,14408,22766
2025-01-07,Bailey Campbell,24875,31479
2025-01-05,Drew Diaz,20908,29632
2025-01-16,Hayden Adams,13269,19288
2025-01-11,Finley Hughes,21149,23967
2025-01-12,Quinn Foster,13429,21403
2025-01-17,Dakota Adams,18193,20799
2025-01-07,Skyler Foster,22653,24932
2025-01-16,Sage Adams,16102,19704
2025-01-25,Carol Williams,16497,21116
2025-01-30,Kendall Baker,22080,27426
2025-01-30,Hayden Ingram,22901,24581
2025-01-31,Quinn Diaz,32531,38516
2025-01-16,Payton Adams,15434,22468
2025-01-24,Elliot Adams,23259,30275
2025-01-09,Finley Baker,,5443
2025-01-30,Elliot Ingram,21822,22550
2025-01-01,Shawn Kim,30664,35556
2025-01-16,Bailey Garcia,17974,20028
2025-01-27,Drew Foster,15294,21601
2025-01-15,Cameron Garcia,16527,24529
2025-01-21,Emerson Ingram,12101,13022
2025-01-04,Sam Diaz,17293,21502
2025-01-09,Bailey Hughes,21861,22847
2025-01-12,Kendall Baker,15667,19601
2025-01-23,Jamie Martinez,18257,21767
2025-01-30,Kendall Johnson,23576,27482
2025-01-06,Logan Diaz,29114,34776
2025-01-16,Hayden Campbell,14681,20607
2025-01-29,Finley Edwards,16804,20630
2025-01-08,Logan Diaz,15907,24211
2025-01-20,Alex Hughes,22387,29767
2025-01-19,Parker Edwards,15348,19702
2025-01-04,Quinn Garcia,21831,25054
2025-01-20,Micah Baker,22615,26031
2025-01-30,Payton Adams,20399,24483
2025-01-11,Drew Edwards,25243,32893
2025-01-26,Bailey Campbell,14923,18332
2025-01-26,Cameron Garcia,14904,20951
2025-01-14,Sam Diaz,14938,17509
2025-01-17,Emerson Adams,18111,22754
2025-01-17,Cameron Garcia,25187,27085
2025-01-24,Micah Kim,21092,28892
2025-01-28,Bailey Johnson,17773,19797
2025-01-04,Cameron Hughes,,7132
2025-01-24,Bailey Foster,15606,21910
2025-01-23,Rowan Edwards,16954,18027
2025-01-18,Quinn Diaz,14153,20449
2025-01-21,Harper Garcia,14973,23547
2025-01-05,Emerson Ingram,23691,31367
2025-01-07,Sam Adams,14404,23211
2025-01-24,Jesse Diaz,17629,22237
2025-01-13,Emerson Ingram,20250,20981
2025-01-23,Elliot Garcia,14909,22443
2025-01-06,Emerson Johnson,26689,29439
2025-01-13,Parker Edwards,14870,17455
2025-01-19,Quinn Campbell,13732,20584
2025-01-21,Emerson Kim,16835,17932
2025-01-23,Jordan Patel,21186,22643
2025-01-26,Bailey Hughes,21605,26615
2025-01-16,Drew Foster,15485,22805
2025-01-17,Cameron Adams,16965,19475
2025-01-15,Payton Adams,18903,20148
2025-01-24,Emerson Foster,20935,25014
2025-01-26,Quinn Campbell,14530,15798
2025-01-27,Hayden Garcia,15776,23994
2025-01-08,Skyler Edwards,20391,24371
2025-01-11,Shawn Lewis,25494,31507
2025-01-15,Sam Diaz,14509,18830
2025-01-19,Bailey Garcia,27961,31033
2025-01-04,Hayden Ingram,16254,22802
2025-01-29,Hayden Garcia,15096,19788
2025-01-04,Rowan Ingram,17526,21914
2025-01-06,Drew Ingram,15574,22848
2025-01-05,Reese Foster,28751,30274
2025-01-13,Harper Garcia,17445,22871
2025-01-23,Cameron Hughes,16702,24069
2025-01-05,Bailey Campbell,17953,20100
2025-01-08,Payton Adams,13825,14947
2025-01-06,Cameron Ingram,20285,25173
2025-01-19,Bailey Adams,13503,18256
2025-01-23,Quinn Campbell,21453,25279
2025-01-29,Shawn Kim,12908,14025
2025-01-24,Payton Ingram,20633,28152
2025-01-24,Elliot Kim,13560,18346
2025-01-17,Hayden Adams,16592,23066
2025-01-30,Sam Foster,14910,22715
2025-01-16,Logan Garcia,21330,27691
2025-01-08,Sam Foster,14945,19219
2025-01-23,Reese Foster,18779,25369
2025-01-16,Harper Lewis,30319,38988
2025-01-19,Payton Lewis,21134,25898
2025-01-30,Quinn Garcia,14132,22207
2025-01-16,Bailey Campbell,16956,22640
2025-01-16,Cameron Hughes,16522,19562
2025-01-16,Harper Baker,13669,15409
2025-01-04,Logan Diaz,15080,22606
2025-01-08,Micah Kim,29328,31636
2025-01-20,Logan Campbell,17081,20716
2025-01-30,Finley Edwards,12631,13669
2025-01-10,Kai Hughes,15051,21845
2025-01-17,Hayden Garcia,15052,16693
2025-01-25,Cameron Hughes,27790,30587
2025-01-02,Alex Hughes,21938,24867
2025-01-03,Drew Foster,15464,20154
2025-01-06,Drew Diaz,32370,40478
2025-01-05,Alex Hughes,26064,30807
2025-01-26,Bailey Foster,21655,29078
2025-01-01,Kai Diaz,15582,17238
2025-01-26,Reese Edwards,13042,14289
2025-01-01,Quinn Diaz,35501,43600
2025-01-15,Drew Edwards,15781,23547
2025-01-18,Shawn Lewis,15658,20898
2025-01-29,Harper Lewis,17840,26403
2025-01-06,Harper Lewis,19136,22331
2025-01-10,Kai Kim,26650,27631
2025-01-15,Reese Garcia,15983,21355
2025-01-29,Jesse Edwards,16231,18132
2025-01-24,Drew Diaz,22463,25766
2025-01-21,Jamie Martinez,14240,20096
2025-01-31,Shawn Johnson,16503,19090
2025-01-10,Emerson Johnson,25418,29081
2025-01-13,Emerson Adams,17988,25816
2025-01-15,Finley Edwards,16015,22641
2025-01-11,Skyler Campbell,14751,18019
2025-01-17,Quinn Edwards,14861,18222
2025-01-09,Quinn Edwards,14327,15544
2025-01-24,Parker Edwards,14809,22238
2025-01-30,Cameron Ingram,84233,
2025-01-23,Cameron Lewis,20249,23552
2025-01-11,Alex Hughes,14137,17465
2025-01-10,Carol Williams,27567,35216
2025-01-15,Bailey Campbell,12421,14761
2025-01-02,Logan Campbell,20461,28692
2025-01-03,Quinn Campbell,13968,19351
2025-01-12,Bailey Johnson,15740,22137
2025-01-16,Cameron Hughes,20620,27420
2025-01-25,Payton Lewis,15140,20582
2025-01-06,Jamie Martinez,31723,35081
2025-01-16,Skyler Baker,22539,23690
2025-01-05,Rowan Ingram,21207,26888
2025-01-07,Emerson Adams,13264,17138
2025-01-10,Bailey Campbell,13749,20004
2025-01-04,Cameron Adams,22606,27630
2025-01-19,Shawn Ingram,19003,22849
2025-01-30,Sage Garcia,16513,22999
2025-01-04,Jamie Martinez,17755,24741
2025-01-17,Micah Kim,16939,19422
2025-01-12,Riley Thompson,19016,25306
2025-01-16,Cameron Baker,26877,29791
2025-01-21,Rowan Ingram,22026,30314
2025-01-12,Skyler Foster,23557,24640
2025-01-05,Shawn Ingram,27839,33324
2025-01-29,Shawn Ingram,16102,23149
2025-01-08,Payton Baker,15865,19801
2025-01-20,Quinn Garcia,16712,25144
2025-01-29,Rowan Edwards,15058,16866
2025-01-09,Jesse Campbell,17515,19494
2025-01-20,Hayden Campbell,14914,21141
2025-01-01,Cameron Adams,14478,21969
2025-01-14,Sage Foster,14428,20174
2025-01-30,Bailey Edwards,15209,19388
2025-01-12,Quinn Baker,23761,26158
2025-01-29,Jesse Diaz,21812,29265
2025-01-20,Elliot Campbell,,2517
2025-01-27,Kendall Baker,16861,22549
2025-01-18,Drew Foster,23332,24547
2025-01-14,Avery Chen,17729,22496
2025-01-30,Reese Baker,17870,19320
2025-01-12,Reese Adams,13309,21158
2025-01-09,Logan Garcia,14058,18177
2025-01-13,Hayden Ingram,21507,30117
2025-01-28,Elliot Lewis,14440,16536
2025-01-17,Harper Garcia,16087,20305
2025-01-03,Reese Baker,14799,15963
2025-01-16,Jesse Campbell,30790,34512
2025-01-13,Casey Nguyen,23427,31909
2025-01-08,Bailey Edwards,16565,23146
2025-01-10,Sage Baker,14535,23266
2025-01-12,Payton Ingram,31255,39050
2025-01-28,Emerson Johnson,19900,26802
2025-01-10,Logan Garcia,27695,34945
2025-01-27,Quinn Baker,23917,25309
2025-01-16,Bailey Johnson,16035,21230
2025-01-02,Elliot Garcia,18009,18800
2025-01-10,Jordan Patel,,7315
2025-01-26,Kai Kim,15802,20843
2025-01-31,Harper Diaz,20864,23574
2025-01-07,Harper Diaz,24723,26873
2025-01-17,Sage Garcia,18857,20204
2025-01-20,Bailey Adams,15473,21296
2025-01-14,Micah Adams,17378,21651
2025-01-26,Avery Chen,17269,22208
2025-01-18,Kai Kim,13589,18725
2025-01-19,Alex Lewis,14969,20744
2025-01-14,Shawn Ingram,14222,16794
2025-01-02,Avery Chen,35979,44513
2025-01-12,Payton Ingram,27569,29038
2025-01-11,Quinn Lewis,25483,32755
2025-01-03,Quinn Lewis,25053,32349
2025-01-01,Alex Lewis,14512,20589
2025-01-16,Quinn Edwards,18382,20229
2025-01-09,Jamie Martinez,26879,35211
2025-01-18,Micah Kim,14498,17219
2025-01-13,Sage Adams,15093,18637
2025-01-12,Quinn Lewis,14835,18262
2025-01-08,Hayden Diaz,13853,16650
2025-01-15,Kai Diaz,19235,27173
2025-01-05,Shawn Kim,14143,20912
2025-01-08,Jordan Patel,14220,18496
2025-01-14,Sage Lewis,16534,20568
2025-01-10,Elliot Lewis,15776,17310
2025-01-21,Jesse Kim,17514,18735
2025-01-16,Jesse Hughes,14379,16529
2025-01-24,Alex Diaz,15247,24004
2025-01-12,Bailey Campbell,14519,19062
2025-01-17,Morgan Rivera,25998,34481
2025-01-04,Harper Garcia,14722,23263
2025-01-12,Kai Johnson,13333,21091
2025-01-17,Payton Ingram,14942,17281
2025-01-31,Logan Campbell,14572,15390
2025-01-26,Alex Hughes,24564,33302
2025-01-12,Hayden Ingram,15295,21719
2025-01-26,Elliot Ingram,25563,30852
2025-01-22,Finley Hughes,12914,19341
2025-01-09,Jesse Kim,15945,16745
2025-01-25,Finley Edwards,16391,21390
2025-01-25,Casey Nguyen,64800,72000
2025-01-31,Kai Baker,24452,25447
2025-01-08,Shawn Ingram,14068,15348
2025-01-15,Skyler Foster,15009,22079
2025-01-05,Sage Foster,24114,29858
2025-01-06,Sage Lewis,20336,26897
2025-01-24,Alex Campbell,25527,29809
2025-01-27,Quinn Diaz,15663,18433
2025-01-18,Bailey Garcia,16064,18612
2025-01-04,Micah Adams,12466,18831
2025-01-30,Alex Campbell,15535,23167
2025-01-18,Cameron Baker,22495,23934
2025-01-03,Emerson Foster,33177,39149
2025-01-28,Micah Kim,16464,18284
2025-01-03,Rowan Garcia,12163,20173
2025-01-29,Hayden Foster,21691,24554
2025-01-03,Reese Garcia,30423,35979
2025-01-17,Drew Diaz,17938,21939
2025-01-18,Harper Diaz,13324,15440
2025-01-03,Cameron Baker,15365,18837
2025-01-03,Hayden Garcia,15609,17027
2025-01-05,Rowan Garcia,14853,15756
2025-01-29,Skyler Edwards,26334,30340
2025-01-20,Cameron Ingram,32486,33216
2025-01-19,Rowan Ingram,12734,19303
2025-01-11,Parker Edwards,25394,33397
2025-01-11,Bailey Foster,23268,31538
2025-01-10,Shawn Ingram,27618,29702
2025-01-13,Rowan Ingram,21156,24701
2025-01-03,Sage Baker,20378,25990
2025-01-29,Casey Nguyen,21458,27890
2025-01-22,Skyler Edwards,26232,34508
2025-01-09,Kai Kim,16118,17306
2025-01-28,Shawn Johnson,14175,20690
2025-01-19,Hayden Garcia,12668,21443
2025-01-02,Emerson Adams,21250,29603
2025-01-30,Micah Baker,12112,16773
2025-01-07,Skyler Foster,15322,18881
2025-01-18,Hayden Garcia,22226,30244
2025-01-09,Logan Diaz,11217,18262
2025-01-09,Sage Foster,13964,16462
2025-01-14,Quinn Edwards,17175,24903
2025-01-01,Emerson Johnson,23558,27404
2025-01-19,Cameron Lewis,15181,19141
2025-01-28,Kai Baker,32727,36709
2025-01-03,Sage Adams,15254,17776
2025-01-06,Taylor Brooks,18791,26659
2025-01-17,Skyler Campbell,21292,25743
2025-01-10,Reese Baker,22850,24182
2025-01-06,Quinn Diaz,12884,18515
2025-01-29,Hayden Ingram,23484,24947
2025-01-09,Payton Adams,13309,19730
2025-01-29,Sam Foster,18083,26745
2025-01-04,Dakota Adams,28578,30485
2025-01-30,Kai Baker,24158,28159
2025-01-01,Shawn Johnson,20993,27755
2025-01-30,Bailey Johnson,16241,19078
2025-01-28,Drew Ingram,17630,24727
2025-01-17,Casey Nguyen,31715,35216
2025-01-26,Drew Lewis,33806,35197
2025-01-23,Skyler Baker,25182,29325
2025-01-08,Micah Kim,14519,22497
2025-01-20,Bailey Hughes,25584,29453
2025-01-08,Elliot Adams,37245,39895
2025-01-09,Harper Garcia,15313,17097
2025-01-15,Taylor Brooks,16214,22806
2025-01-14,Jesse Hughes,13856,19033
2025-01-22,Alex Hughes,17345,24839
2025-01-03,Jordan Patel,15430,21130
2025-01-02,Payton Adams,33135,41801
2025-01-13,Hayden Adams,14754,17787
2025-01-06,Kai Kim,16119,21758
2025-01-26,Bailey Garcia,15672,18203
2025-01-09,Reese Foster,12746,13697
2025-01-17,Cameron Hughes,12425,17372
2025-01-14,Elliot Campbell,13157,20080
2025-01-23,Carol Williams,18447,23564
2025-01-04,Kendall Johnson,13887,18723
2025-01-28,Carol Williams,17883,26649
2025-01-06,Reese Edwards,12939,16117
2025-01-10,Reese Foster,17085,25740
2025-01-29,Kai Baker,17079,22573
2025-01-28,Hayden Ingram,12291,19492
2025-01-15,Payton Baker,25976,32053
2025-01-28,Shawn Lewis,16541,19869
2025-01-20,Micah Kim,21717,28117
2025-01-29,Bailey Adams,13634,21931
2025-01-16,Drew Ingram,23611,32229
2025-01-17,Harper Diaz,15575,24198
2025-01-29,Sam Adams,25982,34608
2025-01-07,Drew Lewis,13341,14883
2025-01-26,Sage Foster,17993,24459
2025-01-27,Rowan Garcia,23689,25765
2025-01-08,Riley Thompson,22747,27041
2025-01-13,Harper Diaz,14209,18075
2025-01-10,Cameron Lewis,16821,24017
2025-01-07,Emerson Kim,22038,28645
2025-01-11,Jesse Hughes,25626,27964
2025-01-30,Jamie Martinez,24503,26080
2025-01-26,Elliot Garcia,13551,15250
2025-01-31,Cameron Ingram,23889,24802
2025-01-18,Alex Hughes,16159,24473
2025-01-20,Kendall Baker,14174,18066
2025-01-11,Reese Garcia,31033,37072
2025-01-15,Kendall Baker,26013,32084
2025-01-13,Jesse Kim,23425,26828
2025-01-09,Reese Adams,14850,18598
2025-01-23,Cameron Lewis,13478,15294
2025-01-28,Sam Garcia,22140,23945
2025-01-31,Kai Diaz,12433,14242
2025-01-29,Sage Baker,19370,21583
2025-01-14,Elliot Lewis,14173,17033
2025-01-15,Cameron Garcia,24949,30295
2025-01-30,Casey Nguyen,24481,32856
2025-01-03,Carol Williams,14478,18143
2025-01-02,Harper Lewis,76739,
2025-01-02,Casey Nguyen,14997,18549
2025-01-08,Finley Baker,21840,22978
2025-01-10,Kai Kim,16751,24419
2025-01-18,Kai Baker,17335,23923
2025-01-04,Micah Johnson,29236,33259
2025-01-20,Logan Garcia,16999,25445
2025-01-27,Micah Adams,36321,42675
2025-01-16,Micah Lewis,27405,32731
2025-01-18,Jesse Hughes,26068,30483
2025-01-26,Kendall Johnson,22973,29169
2025-01-02,Emerson Ingram,15687,18845
2025-01-17,Drew Lewis,15941,18366
2025-01-24,Emerson Ingram,16957,21065
2025-01-15,Harper Ingram,24110,26308
2025-01-24,Quinn Lewis,13203,18846
2025-01-21,Jesse Diaz,15777,24202
2025-01-14,Harper Baker,33209,41121
2025-01-23,Skyler Edwards,29134,30911
2025-01-22,Quinn Baker,39537,47456
2025-01-23,Kendall Johnson,13667,19948
2025-01-27,Reese Foster,16899,20052
2025-01-06,Avery Chen,16674,24654
2025-01-23,Finley Edwards,13839,21670
2025-01-07,Skyler Campbell,16633,22263
2025-01-24,Casey Nguyen,15423,23404
2025-01-18,Elliot Lewis,13606,22289
2025-01-13,Skyler Edwards,14682,18973
2025-01-17,Cameron Ingram,15446,19059
2025-01-22,Alex Diaz,16499,21531
2025-01-12,Bailey Adams,28497,32815
2025-01-30,Emerson Kim,29499,33274
2025-01-09,Kai Diaz,17259,23202
2025-01-30,Jamie Martinez,14652,22518
2025-01-10,Payton Ingram,23945,31682
2025-01-11,Drew Lewis,22404,26382
2025-01-08,Hayden Foster,25111,27401
2025-01-29,Alex Campbell,24527,27817
2025-01-27,Elliot Adams,30601,34371
2025-01-06,Skyler Campbell,12842,18137
2025-01-01,Kendall Johnson,13999,22741
2025-01-04,Reese Baker,23242,30757
2025-01-28,Quinn Edwards,21079,25285
2025-01-21,Bailey Edwards,22392,27657
2025-01-13,Reese Edwards,12135,18182
2025-01-26,Elliot Campbell,21128,28666
2025-01-19,Payton Baker,22909,31059
2025-01-27,Reese Adams,14125,19791
2025-01-15,Hayden Foster,17029,23260
2025-01-08,Jesse Hughes,24680,26826
2025-01-18,Dakota Adams,16127,23553
2025-01-22,Emerson Ingram,15053,22498
2025-01-05,Micah Edwards,13974,15833
2025-01-22,Hayden Adams,14346,21371
2025-01-11,Quinn Foster,17392,19679
2025-01-12,Rowan Edwards,16313,25295
2025-01-12,Logan Hughes,15808,18347
2025-01-28,Riley Thompson,14168,19399
2025-01-31,Emerson Ingram,13371,20321
2025-01-15,Hayden Adams,15555,19088
2025-01-02,Shawn Ingram,23277,27450
2025-01-27,Payton Ingram,22828,29652
2025-01-20,Skyler Campbell,12749,18920
2025-01-22,Elliot Ingram,24411,29640
2025-01-04,Logan Diaz,24503,25401
2025-01-11,Shawn Lewis,19545,21579
2025-01-31,Quinn Edwards,13210,17509
2025-01-18,Shawn Edwards,12208,14424
2025-01-28,Micah Kim,,1847
2025-01-14,Harper Garcia,20529,23967
2025-01-13,Avery Chen,21942,26804
2025-01-14,Jamie Martinez,24864,27978
2025-01-13,Micah Baker,25844,33207
2025-01-03,Sam Garcia,12536,16043
2025-01-17,Bailey Edwards,21458,26437
2025-01-03,Sage Lewis,22524,29624
2025-01-27,Logan Hughes,17816,19811
2025-01-20,Parker Edwards,14972,22400
2025-01-07,Micah Johnson,19895,23594
2025-01-22,Micah Adams,23769,29545
2025-01-21,Skyler Campbell,40051,42542
2025-01-10,Cameron Baker,15484,18301
2025-01-27,Drew Edwards,14949,23664
2025-01-03,Parker Garcia,15127,21469
2025-01-20,Shawn Ingram,13471,19926
2025-01-12,Harper Baker,12904,20062
2025-01-28,Skyler Baker,16517,20886
2025-01-15,Morgan Rivera,27895,30177
2025-01-15,Drew Foster,17374,24943
2025-01-31,Elliot Kim,15551,21553
2025-01-24,Casey Nguyen,35020,40432
2025-01-08,Payton Baker,21027,24368
2025-01-23,Shawn Johnson,13809,20965
2025-01-27,Quinn Edwards,22617,26001
2025-01-31,Riley Thompson,18548,19319
2025-01-22,Quinn Baker,28284,35570
2025-01-08,Skyler Foster,23965,25536
2025-01-26,Alex Diaz,20696,24740
2025-01-29,Hayden Garcia,20152,27177
2025-01-30,Bailey Foster,13403,18088
2025-01-10,Alex Campbell,14195,21356
2025-01-28,Emerson Ingram,,6714
2025-01-02,Taylor Brooks,23873,32390
2025-01-25,Sam Diaz,24379,26322
2025-01-01,Shawn Lewis,16379,24719
2025-01-18,Sam Foster,25685,33915
2025-01-18,Shawn Johnson,13035,16419
2025-01-28,Harper Ingram,13248,17059
2025-01-03,Sam Adams,13801,17085
2025-01-14,Kai Hughes,14481,19060
2025-01-05,Hayden Garcia,15391,22146
2025-01-08,Hayden Garcia,23787,26655
2025-01-13,Kendall Baker,34916,43781
2025-01-14,Reese Baker,14617,19383
2025-01-01,Micah Johnson,16094,20744
2025-01-21,Alex Diaz,21823,28077
2025-01-10,Rowan Garcia,14467,16818
2025-01-30,Skyler Baker,19994,23674
2025-01-30,Payton Baker,24278,31401
2025-01-06,Micah Adams,28620,36509
2025-01-10,Harper Garcia,37520,43136
2025-01-31,Skyler Foster,21037,25981
2025-01-29,Jesse Foster,16223,21312
2025-01-20,Jesse Diaz,15155,16329
2025-01-24,Cameron Ingram,23483,27862
2025-01-22,Elliot Kim,16606,17390
2025-01-06,Micah Lewis,23456,27673
2025-01-01,Jamie Martinez,12138,15534
2025-01-21,Emerson Ingram,14979,20302
2025-01-05,Elliot Campbell,28958,35838
2025-01-15,Skyler Baker,14956,22819
2025-01-15,Kai Johnson,15441,24180
2025-01-13,Bailey Adams,15662,17862
2025-01-11,Dakota Adams,15418,16232
2025-01-19,Parker Garcia,19481,27577
2025-01-22,Reese Foster,15727,23785
2025-01-06,Quinn Baker,28074,29052
2025-01-04,Elliot Kim,18219,22882
2025-01-25,Finley Baker,14555,19447
2025-01-22,Jesse Campbell,24092,32879
2025-01-31,Hayden Diaz,23636,24887
2025-01-01,Micah Adams,15073,23962
2025-01-05,Bailey Adams,14607,15397
2025-01-26,Micah Baker,15411,20647
2025-01-27,Jesse Campbell,14047,18298
2025-01-23,Quinn Garcia,16084,18149
2025-01-29,Hayden Campbell,12395,16498
2025-01-31,Cameron Adams,21254,23075
2025-01-29,Alex Campbell,14756,23359
2025-01-23,Bailey Foster,13568,22240
2025-01-31,Jordan Patel,14313,22400
2025-01-16,Kendall Baker,24513,30952
2025-01-11,Emerson Johnson,17373,18613
2025-01-20,Cameron Adams,16594,20955
2025-01-05,Emerson Ingram,17458,20311
2025-01-11,Rowan Edwards,,8440
2025-01-16,Cameron Lewis,14698,20260
2025-01-12,Bailey Edwards,26201,33308
2025-01-21,Parker Garcia,15506,16345
2025-01-04,Cameron Ingram,17402,18931
2025-01-24,Logan Hughes,17443,21801
2025-01-12,Rowan Edwards,26198,29666
2025-01-29,Bailey Campbell,12172,19376
2025-01-14,Sage Foster,,3162
2025-01-13,Payton Baker,13184,14122
2025-01-20,Cameron Garcia,12607,13647
2025-01-13,Quinn Lewis,18648,24462
2025-01-03,Drew Edwards,15238,17336
2025-01-28,Quinn Edwards,15188,18531
2025-01-17,Kai Kim,14055,16874
2025-01-06,Micah Adams,13990,17393
2025-01-10,Bailey Johnson,15373,23390
2025-01-04,Rowan Edwards,23362,31494
2025-01-22,Jamie Martinez,14859,16379
2025-01-21,Micah Kim,12409,21183
2025-01-10,Rowan Edwards,25620,32654
2025-01-02,Logan Garcia,34526,41961
2025-01-25,Logan Garcia,17584,21051
2025-01-18,Payton Lewis,11369,16926
2025-01-10,Skyler Foster,17943,23809
2025-01-13,Reese Baker,11963,20323
2025-01-16,Jesse Diaz,23187,24115
2025-01-13,Kai Campbell,23811,27051
2025-01-05,Carol Williams,13467,21404
2025-01-24,Micah Baker,13045,18870
2025-01-12,Bailey Foster,12648,13493
2025-01-02,Kendall Johnson,13559,21345
2025-01-30,Emerson Adams,22899,24970
2025-01-09,Shawn Ingram,20716,29095
2025-01-23,Harper Diaz,14762,15485
2025-01-17,Dakota Adams,24104,31383
2025-01-16,Skyler Edwards,18023,24466
2025-01-08,Harper Lewis,22509,27901
2025-01-11,Quinn Diaz,24469,28487
2025-01-05,Logan Diaz,16307,17172
2025-01-24,Quinn Foster,12641,17705
2025-01-12,Finley Hughes,23547,25927
2025-01-17,Micah Kim,22687,31383
2025-01-26,Kai Kim,14019,15341
2025-01-19,Shawn Edwards,32164,33095
2025-01-01,Jesse Kim,20376,22485
2025-01-15,Quinn Diaz,21163,29968
2025-01-01,Skyler Foster,15094,19223
2025-01-15,Micah Edwards,14615,18428
2025-01-05,Quinn Baker,12691,21329
2025-01-09,Drew Foster,31030,36981
2025-01-12,Quinn Diaz,76287,
2025-01-18,Payton Baker,16234,17503
2025-01-19,Micah Lewis,26350,31472
2025-01-21,Cameron Garcia,16398,23622
2025-01-12,Jesse Edwards,13677,15705
2025-01-31,Micah Kim,18394,22985
2025-01-02,Kai Diaz,24463,26322
2025-01-08,Shawn Lewis,26623,31802
2025-01-24,Cameron Adams,13049,20648
2025-01-25,Micah Adams,17921,23899
2025-01-27,Reese Edwards,14614,16883
2025-01-12,Casey Nguyen,26806,28316
2025-01-05,Quinn Edwards,16304,17445
2025-01-20,Jordan Patel,25190,27794
2025-01-08,Elliot Campbell,16647,23945
2025-01-27,Casey Nguyen,14928,23772
2025-01-03,Emerson Foster,22840,29769
2025-01-09,Jesse Campbell,11280,13340
2025-01-07,Sage Lewis,14481,20068
2025-01-04,Micah Johnson,17283,25351
2025-01-16,Micah Johnson,14266,21010
2025-01-21,Sage Baker,15833,23107
2025-01-13,Alex Diaz,26845,34468
2025-01-09,Quinn Diaz,13492,21825
2025-01-25,Elliot Ingram,15178,20628
2025-01-23,Quinn Diaz,17315,24778
2025-01-31,Kai Hughes,15380,16698
2025-01-25,Cameron Adams,16591,17330
2025-01-05,Sage Foster,17033,21350
2025-01-07,Cameron Ingram,13127,21397
2025-01-28,Reese Adams,24113,31153
2025-01-09,Parker Garcia,31950,32848
2025-01-30,Hayden Campbell,14065,21435
2025-01-19,Logan Diaz,14713,19119
2025-01-31,Harper Lewis,18740,24158
2025-01-15,Parker Adams,24091,29717
2025-01-04,Harper Ingram,23258,24955
2025-01-20,Sam Diaz,16178,20176
2025-01-25,Bailey Hughes,15882,24172
2025-01-03,Quinn Lewis,19517,23849
2025-01-14,Quinn Campbell,21948,29509
2025-01-12,Bailey Edwards,21384,23367
2025-01-14,Drew Lewis,22761,27484
2025-01-13,Micah Baker,37547,46077
2025-01-30,Quinn Baker,15257,23514
2025-01-22,Cameron Ingram,17374,18135
2025-01-16,Payton Ingram,13676,19503
2025-01-12,Harper Ingram,15187,16494
2025-01-26,Quinn Edwards,17291,25293
2025-01-30,Shawn Ingram,12854,18372
2025-01-03,Parker Adams,17709,18662
2025-01-20,Bailey Edwards,14604,22240
2025-01-07,Hayden Adams,27176,34638
2025-01-27,Kai Kim,21282,24888
2025-01-22,Skyler Foster,13777,16647
2025-01-06,Quinn Lewis,12777,17061
2025-01-21,Harper Lewis,19389,27105
2025-01-07,Shawn Ingram,23953,32243
2025-01-24,Hayden Foster,17312,20930
2025-01-15,Rowan Garcia,17722,23530
2025-01-21,Drew Foster,16248,24741
2025-01-12,Alex Hughes,32048,36738
2025-01-22,Bailey Foster,16181,23322
2025-01-26,Jesse Campbell,17004,24083
2025-01-06,Drew Lewis,19016,23703
2025-01-15,Reese Adams,13977,16137
2025-01-13,Shawn Lewis,15881,19841
2025-01-26,Kai Campbell,14424,22159
2025-01-01,Skyler Campbell,22548,23545
2025-01-11,Bailey Adams,23886,29598
2025-01-27,Shawn Kim,21092,29072
2025-01-18,Quinn Lewis,16066,19102
2025-01-19,Elliot Garcia,17222,25633
2025-01-20,Elliot Kim,21868,30798
2025-01-12,Jesse Campbell,19191,25915
2025-01-15,Logan Campbell,16839,21138
2025-01-03,Kai Kim,16140,18681
2025-01-11,Sam Garcia,27072,28230
2025-01-01,Casey Nguyen,16767,21706
2025-01-01,Elliot Kim,16506,20980
2025-01-22,Kai Hughes,15632,21953
2025-01-20,Micah Kim,16411,20997
2025-01-21,Hayden Ingram,14232,18262
2025-01-20,Shawn Edwards,14651,23274
2025-01-22,Logan Garcia,22090,25612
2025-01-12,Elliot Kim,19040,27777
2025-01-30,Drew Ingram,24715,29672
2025-01-17,Finley Edwards,23709,29394
2025-01-30,Shawn Johnson,14696,16782
2025-01-16,Rowan Garcia,26034,31353
2025-01-27,Jesse Hughes,13405,19003
2025-01-22,Jordan Patel,16403,22683
2025-01-26,Skyler Edwards,19485,21389
2025-01-08,Emerson Ingram,15972,24877
2025-01-26,Shawn Lewis,19384,20349
2025-01-15,Jesse Diaz,24613,32364
2025-01-01,Quinn Baker,13450,19512
2025-01-07,Shawn Lewis,23926,30297
2025-01-06,Rowan Ingram,18262,24739
2025-01-23,Skyler Foster,17741,19808
2025-01-10,Quinn Garcia,14977,17228
2025-01-24,Emerson Adams,28946,36175
2025-01-20,Dakota Adams,12107,15522
2025-01-25,Kendall Johnson,17037,20750
2025-01-02,Logan Garcia,14886,22860
2025-01-24,Elliot Lewis,17734,23695
2025-01-22,Bailey Edwards,21939,28592
2025-01-24,Quinn Baker,24877,29460
2025-01-11,Micah Lewis,15622,18856
2025-01-27,Kai Johnson,15823,22880
2025-01-15,Logan Campbell,24027,26245
2025-01-02,Sage Foster,14860,20034
2025-01-16,Finley Hughes,13282,19384
2025-01-19,Alex Lewis,21308,22685
2025-01-05,Cameron Ingram,31088,31823
2025-01-14,Rowan Ingram,13949,17267
2025-01-28,Parker Edwards,15134,23105
2025-01-16,Shawn Ingram,14320,22497
2025-01-27,Bailey Johnson,16751,18938
2025-01-01,Rowan Ingram,16674,20491
2025-01-14,Elliot Garcia,14911,18944
2025-01-25,Quinn Baker,17445,18175
2025-01-20,Kai Johnson,18254,20767
2025-01-23,Emerson Foster,13896,17351
2025-01-05,Payton Baker,16284,18875
2025-01-20,Reese Baker,25538,28354
2025-01-02,Micah Baker,14043,15208
2025-01-20,Bailey Johnson,14921,16670
2025-01-16,Sage Garcia,29100,34943
2025-01-09,Shawn Johnson,27218,29706
2025-01-03,Emerson Kim,14163,18921
2025-01-09,Jesse Foster,19288,23653
2025-01-12,Kai Campbell,15663,18894
2025-01-16,Reese Adams,21902,25669
2025-01-23,Parker Garcia,15612,24043
2025-01-18,Payton Lewis,21408,26591
2025-01-10,Elliot Kim,16338,21192
2025-01-22,Harper Baker,14332,18860
2025-01-04,Harper Baker,15184,23217
2025-01-28,Harper Garcia,29418,31737
2025-01-09,Sage Adams,29820,34650
2025-01-21,Shawn Kim,16409,17542
2025-01-26,Cameron Baker,21341,27342
2025-01-12,Logan Garcia,14257,16538
2025-01-27,Shawn Johnson,16762,23768
2025-01-22,Cameron Lewis,14996,21822
2025-01-17,Quinn Diaz,75925,
2025-01-08,Alex Campbell,19886,24260
2025-01-14,Drew Ingram,27795,28891
2025-01-08,Jesse Diaz,17590,23399
2025-01-16,Kai Johnson,78623,
2025-01-25,Emerson Kim,32583,40704
2025-01-19,Logan Garcia,28443,36757
2025-01-18,Rowan Garcia,13270,19227
2025-01-08,Elliot Kim,18230,23458
2025-01-23,Bailey Campbell,17206,26179
2025-01-18,Cameron Lewis,16861,21312
2025-01-04,Skyler Baker,16098,18700
2025-01-25,Logan Hughes,30793,32374
2025-01-27,Jesse Foster,22336,30457
2025-01-01,Jordan Patel,22607,28537
2025-01-22,Alex Lewis,15965,18338
2025-01-01,Quinn Campbell,13996,21706
2025-01-06,Sage Foster,14224,20872
2025-01-02,Shawn Kim,14395,16713
2025-01-06,Hayden Campbell,19885,20836
2025-01-11,Drew Diaz,14101,16336
2025-01-23,Elliot Lewis,15355,18003
2025-01-03,Elliot Kim,16738,19197
2025-01-13,Carol Williams,15261,22684
2025-01-13,Shawn Lewis,24289,25107
2025-01-18,Sage Adams,14796,21931
2025-01-24,Hayden Campbell,15210,23444
2025-01-08,Elliot Adams,15207,21250
2025-01-09,Taylor Brooks,12250,14251
2025-01-23,Payton Baker,14786,18195
2025-01-15,Bailey Hughes,18276,23971
2025-01-25,Shawn Lewis,17655,21868
2025-01-23,Harper Garcia,14659,18646
2025-01-09,Kai Kim,21585,25589
2025-01-03,Kai Diaz,20752,24713
2025-01-07,Emerson Ingram,12077,17008
2025-01-19,Hayden Ingram,15729,19832
2025-01-23,Logan Diaz,16156,25156
2025-01-04,Avery Chen,17979,23739
2025-01-21,Payton Lewis,17001,25871
2025-01-20,Shawn Kim,22855,27392
2025-01-25,Reese Edwards,18018,20442
2025-01-27,Bailey Foster,16317,18476
2025-01-25,Micah Lewis,23250,28715
2025-01-07,Quinn Garcia,17506,24128
2025-01-10,Kai Johnson,20479,27310
2025-01-26,Casey Nguyen,17890,25799
2025-01-09,Cameron Ingram,34165,40004
2025-01-09,Harper Baker,23760,30791
2025-01-18,Reese Adams,16053,25005
2025-01-24,Cameron Lewis,18501,20880
2025-01-01,Finley Edwards,11521,15796
2025-01-09,Sage Baker,15356,19149
2025-01-24,Parker Adams,15057,23125
2025-01-08,Alex Hughes,13182,17200
2025-01-26,Elliot Adams,21317,27313
2025-01-21,Elliot Garcia,12064,16045
2025-01-07,Emerson Foster,15700,22250
2025-01-23,Emerson Johnson,14395,21704
2025-01-23,Quinn Foster,13835,16773
2025-01-06,Bailey Campbell,15443,23744
2025-01-16,Logan Diaz,12809,17472
2025-01-18,Parker Edwards,16505,18181
2025-01-11,Jesse Hughes,16547,23416
2025-01-30,Quinn Edwards,16926,22264
2025-01-22,Skyler Baker,15399,20645
2025-01-10,Elliot Garcia,17705,19113
2025-01-24,Quinn Baker,15365,20525
2025-01-28,Quinn Baker,25940,31471
2025-01-31,Cameron Hughes,23083,27071
2025-01-29,Morgan Rivera,20135,27041
2025-01-31,Shawn Ingram,14492,20179
2025-01-24,Quinn Garcia,13544,15620
2025-01-19,Harper Diaz,13741,20343
2025-01-11,Reese Adams,18822,23422
2025-01-21,Alex Hughes,18132,25053
2025-01-16,Payton Adams,23842,25829
2025-01-24,Kai Baker,14860,16549
2025-01-30,Harper Garcia,15222,18746
2025-01-16,Sam Diaz,24831,33073
2025-01-02,Payton Lewis,20827,23532
2025-01-30,Reese Edwards,13891,17859
2025-01-14,Bailey Garcia,16412,19503
2025-01-05,Kai Kim,22324,25614
2025-01-17,Quinn Baker,14672,18127
2025-01-27,Harper Lewis,11785,15194
2025-01-01,Cameron Baker,14043,15121
2025-01-13,Sam Diaz,,7177
2025-01-16,Sage Garcia,14114,20909
2025-01-01,Reese Adams,15684,17998
2025-01-18,Avery Chen,17812,19289
2025-01-20,Emerson Johnson,21976,27856
2025-01-09,Drew Ingram,15336,21887
2025-01-07,Alex Lewis,16857,20161
2025-01-08,Finley Hughes,11521,19342
2025-01-09,Harper Diaz,15279,24252
2025-01-24,Kai Hughes,15715,18073
2025-01-09,Kendall Baker,20046,26044
2025-01-31,Elliot Adams,14956,21289
2025-01-27,Kai Baker,16517,22467
2025-01-13,Emerson Ingram,12424,19855
2025-01-16,Payton Lewis,25471,33916
2025-01-02,Emerson Johnson,14304,15295
2025-01-09,Sage Adams,22723,25554
2025-01-02,Shawn Ingram,12940,18530
2025-01-29,Micah Edwards,15341,23626
2025-01-05,Cameron Garcia,19238,22960
2025-01-04,Kai Kim,15998,18869
2025-01-01,Hayden Ingram,23273,25232
2025-01-31,Hayden Diaz,16977,22423
2025-01-09,Bailey Garcia,14416,19031
2025-01-06,Emerson Johnson,16775,23132
2025-01-05,Parker Garcia,14930,22777
2025-01-11,Bailey Garcia,12285,14532
2025-01-15,Logan Diaz,14131,18264
2025-01-24,Taylor Brooks,23601,28186
2025-01-28,Logan Diaz,24371,29537
2025-01-08,Kai Baker,13726,20453
2025-01-07,Reese Edwards,22072,29206
2025-01-10,Sage Foster,12409,15473
2025-01-24,Finley Hughes,25085,30168
2025-01-29,Sam Diaz,15922,17910
2025-01-26,Alex Hughes,13178,20854
2025-01-26,Kai Baker,16164,21790
2025-01-01,Emerson Ingram,15622,18394
2025-01-08,Rowan Ingram,13054,16897
2025-01-26,Hayden Adams,21295,28125
2025-01-20,Elliot Adams,17539,23682
2025-01-27,Jesse Edwards,25624,28878
2025-01-03,Quinn Lewis,12014,16920
2025-01-03,Jesse Campbell,13549,22538
2025-01-26,Payton Baker,15453,18507
2025-01-12,Morgan Rivera,26766,33486
2025-01-25,Hayden Ingram,18300,21836
2025-01-20,Drew Diaz,11797,16055
2025-01-03,Drew Diaz,21501,30463
2025-01-01,Reese Garcia,29371,31357
2025-01-19,Shawn Kim,12755,15567
2025-01-16,Logan Diaz,76016,
2025-01-18,Quinn Foster,25951,33852
2025-01-20,Reese Foster,21671,28311
2025-01-03,Hayden Ingram,14810,23760
2025-01-04,Jordan Patel,16286,24925
2025-01-26,Logan Hughes,18193,22522
2025-01-24,Finley Baker,14210,15115
2025-01-30,Logan Garcia,13659,15537
2025-01-19,Morgan Rivera,26296,28758
2025-01-12,Dakota Adams,14443,16866
2025-01-19,Jesse Kim,13148,19442
2025-01-16,Hayden Campbell,21791,22970
2025-01-19,Payton Adams,20371,22053
2025-01-13,Bailey Foster,12741,21477
2025-01-05,Bailey Edwards,32315,34755
2025-01-13,Micah Baker,14045,21384
2025-01-25,Kai Johnson,17275,24202
2025-01-31,Shawn Kim,14112,22314
2025-01-17,Payton Ingram,19016,24278
2025-01-23,Skyler Edwards,12688,19973
2025-01-20,Emerson Foster,14128,18886
2025-01-01,Drew Diaz,13081,21051
2025-01-14,Jesse Diaz,15131,21686
2025-01-18,Logan Diaz,18108,24790
2025-01-18,Cameron Ingram,23650,29157
2025-01-05,Finley Edwards,12568,18695
2025-01-01,Harper Garcia,13106,21689
2025-01-21,Skyler Baker,27415,29775
2025-01-30,Riley Thompson,19924,21728
2025-01-27,Parker Garcia,30741,34478
2025-01-31,Hayden Adams,14663,19208
2025-01-01,Quinn Foster,16907,25720
2025-01-26,Bailey Adams,15176,23159
2025-01-02,Drew Foster,13656,20726
2025-01-23,Skyler Baker,14972,23114
2025-01-21,Drew Foster,25490,30625
2025-01-09,Rowan Edwards,25380,34355
2025-01-08,Reese Baker,17084,23074
2025-01-17,Emerson Ingram,14910,18490
2025-01-24,Harper Garcia,21171,29162
2025-01-28,Jordan Patel,84671,
2025-01-06,Payton Lewis,14362,20463
2025-01-27,Jesse Diaz,21463,24459
2025-01-31,Shawn Edwards,12074,16870
2025-01-06,Logan Hughes,22941,24331
2025-01-10,Bailey Garcia,13373,14103
2025-01-25,Bailey Johnson,14027,15826
2025-01-23,Logan Garcia,23725,30267
2025-01-03,Quinn Campbell,12371,13120
2025-01-09,Drew Diaz,14441,20764
2025-01-03,Reese Adams,14237,19984
2025-01-16,Sage Foster,13680,22023
2025-01-11,Bailey Hughes,15353,21002
2025-01-19,Emerson Foster,12029,20453
2025-01-09,Cameron Garcia,25815,31977
2025-01-25,Cameron Garcia,30120,38999
2025-01-03,Emerson Adams,15122,20006
2025-01-01,Jesse Diaz,12726,18903
2025-01-08,Hayden Campbell,18720,26062
2025-01-02,Jesse Foster,21675,25929
2025-01-20,Logan Hughes,14667,18498
2025-01-23,Sage Garcia,15155,18924
2025-01-07,Hayden Adams,15384,24047
2025-01-31,Cameron Hughes,17415,22048
2025-01-16,Alex Campbell,24111,31086
2025-01-20,Jesse Hughes,20249,25360
2025-01-23,Cameron Garcia,14600,23545
2025-01-11,Kai Johnson,24889,33857
2025-01-20,Jesse Diaz,16742,21128
2025-01-10,Logan Garcia,20009,23660
2025-01-07,Drew Edwards,18439,19691
2025-01-24,Alex Campbell,15306,21299
2025-01-09,Shawn Edwards,16071,24900
2025-01-26,Cameron Hughes,20538,25872
2025-01-16,Sam Garcia,15817,22852
2025-01-26,Quinn Campbell,,7130
2025-01-07,Taylor Brooks,23820,24607
2025-01-16,Riley Thompson,15110,17939
2025-01-23,Alex Hughes,15806,21267
2025-01-19,Hayden Campbell,14668,20255
2025-01-19,Quinn Garcia,14468,22084
2025-01-19,Parker Garcia,14008,15999
2025-01-05,Casey Nguyen,20492,25718
2025-01-20,Hayden Adams,27025,33932
2025-01-03,Jesse Hughes,15999,17288
2025-01-20,Hayden Campbell,21792,22637
2025-01-17,Sam Adams,26894,32593
2025-01-05,Casey Nguyen,17025,17952
2025-01-07,Reese Baker,13795,18927
2025-01-29,Kai Diaz,,4823
2025-01-16,Sage Baker,13676,21431
2025-01-14,Elliot Lewis,20775,24286
2025-01-07,Kai Hughes,17385,22171
2025-01-19,Reese Baker,23452,30476
2025-01-09,Emerson Foster,14852,19577
2025-01-10,Harper Ingram,18716,20820
2025-01-17,Quinn Garcia,14941,22393
2025-01-23,Finley Hughes,13141,21983
2025-01-23,Quinn Edwards,25802,34062
2025-01-27,Sam Foster,14999,20276
2025-01-13,Payton Ingram,36096,39484
2025-01-23,Sam Garcia,14636,16638
2025-01-08,Parker Adams,21237,29861
2025-01-12,Sam Garcia,,2807
2025-01-06,Shawn Ingram,24435,29662
2025-01-05,Quinn Lewis,19043,24032
2025-01-19,Kai Hughes,18728,23310
2025-01-05,Micah Baker,12554,14894
2025-01-10,Hayden Ingram,11693,17921
2025-01-04,Kai Baker,24228,26447
2025-01-08,Emerson Foster,21345,29826
2025-01-15,Payton Lewis,17074,23787
2025-01-15,Hayden Ingram,13671,20441
2025-01-24,Sage Adams,84455,
2025-01-26,Emerson Foster,18244,23118
2025-01-18,Shawn Ingram,14249,17659
2025-01-22,Micah Edwards,15089,23044
2025-01-16,Kai Diaz,15864,18061
2025-01-20,Finley Baker,22439,26676
2025-01-17,Micah Johnson,11965,16076
2025-01-08,Reese Edwards,22236,23091
2025-01-19,Elliot Ingram,15288,22240
2025-01-17,Casey Nguyen,15215,20247
2025-01-26,Quinn Garcia,30634,35648
2025-01-13,Jesse Diaz,16449,24239
2025-01-01,Carol Williams,16910,25345
2025-01-17,Harper Baker,24699,31696
2025-01-10,Cameron Adams,13377,20298
2025-01-26,Emerson Johnson,17100,19106
2025-01-27,Emerson Kim,14090,15785
2025-01-10,Sam Diaz,14003,21308
2025-01-28,Micah Johnson,19565,21922
2025-01-17,Cameron Adams,27757,35433
2025-01-02,Parker Adams,17551,25886
2025-01-09,Sage Lewis,13564,15206
2025-01-10,Sage Lewis,25050,30975
2025-01-29,Elliot Garcia,14719,21054
2025-01-04,Sage Adams,15435,17573
2025-01-19,Parker Adams,16137,24977
2025-01-07,Elliot Garcia,16913,19586
2025-01-03,Elliot Campbell,17017,18137
2025-01-19,Shawn Ingram,13570,16888
2025-01-16,Hayden Campbell,23942,28537
2025-01-26,Quinn Garcia,16511,17441
2025-01-22,Bailey Adams,13970,16129
2025-01-31,Elliot Campbell,25253,26645
2025-01-13,Cameron Baker,16566,22815
2025-01-16,Jesse Foster,12275,17573
2025-01-08,Drew Ingram,15072,18714
2025-01-09,Harper Lewis,33038,38644
2025-01-12,Emerson Adams,,6002
2025-01-07,Casey Nguyen,14968,19866
2025-01-19,Elliot Kim,14668,17887
2025-01-20,Hayden Adams,20640,26139
2025-01-06,Micah Baker,15685,16825
2025-01-19,Payton Baker,31972,36655
2025-01-23,Casey Nguyen,20336,21257
2025-01-27,Drew Diaz,23584,24433
2025-01-10,Kendall Johnson,15642,19729
2025-01-23,Harper Garcia,21658,22747
2025-01-06,Sam Diaz,26122,28664
2025-01-11,Elliot Adams,15690,17070
2025-01-26,Rowan Ingram,14099,15063
2025-01-28,Jesse Edwards,13842,15012
2025-01-02,Finley Edwards,23579,28874
2025-01-07,Jesse Diaz,22483,29085
2025-01-25,Finley Hughes,22718,28030
2025-01-19,Reese Foster,23043,24280
2025-01-08,Cameron Adams,16307,19880
2025-01-17,Finley Baker,28718,29942
2025-01-14,Bailey Hughes,14746,16498
2025-01-29,Hayden Campbell,18158,20738
2025-01-19,Skyler Campbell,14405,20794
2025-01-23,Logan Garcia,15787,21525
2025-01-21,Reese Edwards,14135,15972
2025-01-22,Alex Campbell,22295,31207
2025-01-30,Quinn Diaz,78103,
2025-01-26,Elliot Lewis,14927,20112
2025-01-08,Bailey Garcia,15493,22765
2025-01-07,Avery Chen,15881,23941
2025-01-13,Sage Lewis,16798,21475
2025-01-12,Sam Diaz,77270,
2025-01-10,Shawn Lewis,25529,30226
2025-01-30,Alex Diaz,15100,18878
2025-01-03,Shawn Ingram,13892,15616
2025-01-01,Harper Ingram,15532,17661
2025-01-05,Elliot Kim,23948,29204
2025-01-10,Finley Baker,26487,32890
2025-01-11,Sage Garcia,13548,14612
2025-01-19,Jesse Campbell,19586,20977
2025-01-09,Jesse Foster,15670,17528
2025-01-03,Bailey Adams,16146,18776
2025-01-26,Reese Garcia,22481,24627
2025-01-05,Elliot Campbell,18339,25569
2025-01-02,Reese Foster,15182,16474
2025-01-19,Jesse Hughes,35554,41513
2025-01-11,Kai Diaz,23697,26186
2025-01-10,Hayden Campbell,17223,19416
2025-01-28,Jesse Foster,16414,20436
2025-01-14,Kai Johnson,16458,22497
2025-01-25,Casey Nguyen,65760,71280
2025-01-04,Kai Diaz,22685,25301
2025-01-18,Skyler Foster,25617,32716
2025-01-27,Avery Chen,12713,21009
2025-01-12,Micah Kim,16723,23764
2025-01-25,Jordan Patel,21161,26870
2025-01-31,Harper Baker,24173,28122
2025-01-09,Harper Ingram,15771,20895
2025-01-14,Harper Diaz,20901,23336
2025-01-27,Kai Baker,23676,25368
2025-01-29,Jamie Martinez,24644,27378
2025-01-07,Sage Adams,15054,18285
2025-01-17,Taylor Brooks,22956,24127
2025-01-18,Carol Williams,14782,23451
2025-01-17,Skyler Edwards,26819,34543
2025-01-08,Cameron Ingram,15478,22872
2025-01-21,Elliot Adams,15579,18372
2025-01-15,Kendall Johnson,14435,18791
2025-01-16,Reese Baker,15745,22747
2025-01-25,Jesse Diaz,25664,32886
2025-01-28,Hayden Campbell,32488,38594
2025-01-31,Logan Campbell,18167,24866
2025-01-08,Cameron Ingram,32464,36900
2025-01-14,Reese Edwards,12879,16744
2025-01-02,Rowan Ingram,13516,20120
2025-01-17,Kendall Johnson,12478,16457
2025-01-20,Casey Nguyen,15036,17183
2025-01-14,Cameron Baker,13754,19672
2025-01-16,Sam Garcia,25809,32904
2025-01-14,Kendall Baker,83035,
2025-01-31,Cameron Ingram,,858
2025-01-03,Jesse Foster,,1379
2025-01-23,Bailey Foster,24214,26913
2025-01-07,Bailey Foster,24609,28491
2025-01-04,Bailey Garcia,13576,16267
2025-01-02,Skyler Edwards,,7744
2025-01-20,Quinn Lewis,13615,20489
2025-01-20,Kai Hughes,14190,17242
2025-01-08,Bailey Adams,13967,18768
2025-01-25,Jesse Campbell,29403,34867
2025-01-27,Micah Kim,13442,14487
2025-01-21,Bailey Hughes,15662,22556
2025-01-07,Jesse Hughes,21990,23703
2025-01-23,Cameron Garcia,27919,28642
2025-01-16,Harper Diaz,13178,15962
2025-01-28,Sage Adams,21634,25961
2025-01-09,Logan Diaz,21002,23593
2025-01-15,Emerson Ingram,22209,28909
2025-01-09,Dakota Adams,20352,25431
2025-01-29,Bailey Foster,15884,22679
2025-01-27,Micah Baker,14899,21512
2025-01-17,Micah Johnson,16992,19895
2025-01-22,Harper Garcia,19264,23500
2025-01-30,Kai Johnson,16162,19105
2025-01-28,Cameron Adams,14681,23517
2025-01-18,Hayden Ingram,15794,23600
2025-01-20,Emerson Adams,14552,19509
2025-01-25,Sam Foster,13243,14604
2025-01-12,Casey Nguyen,21794,23752
2025-01-27,Hayden Adams,24612,26877
2025-01-23,Shawn Kim,13350,16975
2025-01-22,Sage Baker,14561,16063
2025-01-13,Jamie Martinez,24160,32847
2025-01-01,Bailey Garcia,14938,23739
2025-01-20,Bailey Johnson,21097,28695
2025-01-21,Shawn Ingram,27973,31345
2025-01-17,Hayden Diaz,26099,32963
2025-01-01,Jesse Edwards,16302,24280
2025-01-25,Payton Baker,13270,18415
2025-01-03,Reese Baker,16606,24940
2025-01-13,Reese Edwards,31664,32634
2025-01-13,Riley Thompson,11201,14189
2025-01-19,Riley Thompson,22134,26648
2025-01-19,Jesse Hughes,17270,22237
2025-01-06,Harper Diaz,83150,
2025-01-18,Harper Lewis,16458,20389
2025-01-02,Drew Diaz,18144,21185
2025-01-24,Cameron Ingram,14716,19019
2025-01-11,Skyler Edwards,24390,25817
2025-01-08,Quinn Campbell,16087,24940
2025-01-09,Avery Chen,14374,15245
2025-01-02,Quinn Edwards,13391,22316
2025-01-21,Bailey Garcia,26816,35754
2025-01-10,Shawn Johnson,14409,20374
2025-01-25,Jesse Kim,34332,42947
2025-01-01,Avery Chen,13272,21794
2025-01-05,Reese Garcia,16040,21291
2025-01-09,Emerson Johnson,27717,34882
2025-01-02,Skyler Edwards,27086,30236
2025-01-24,Jamie Martinez,20720,25923
2025-01-06,Bailey Foster,14334,21442
2025-01-22,Bailey Campbell,19978,27151
2025-01-21,Harper Lewis,14181,16781
2025-01-16,Sage Garcia,25339,26968
2025-01-27,Elliot Kim,14745,18129
2025-01-11,Sage Lewis,20400,23550
2025-01-06,Cameron Garcia,17696,23800
2025-01-05,Reese Foster,15413,18523
2025-01-02,Bailey Hughes,15583,16981
2025-01-19,Shawn Lewis,15003,19925
2025-01-17,Drew Edwards,15058,22955
2025-01-14,Hayden Foster,27337,30143
2025-01-04,Elliot Adams,25983,32909
2025-01-02,Payton Ingram,26058,32870
2025-01-28,Emerson Foster,13995,19065
2025-01-28,Elliot Ingram,19835,26741
2025-01-17,Harper Baker,17347,22187
2025-01-01,Quinn Edwards,76594,
2025-01-12,Rowan Garcia,20514,26035
2025-01-24,Sage Adams,12275,17748
2025-01-24,Bailey Edwards,17362,25210
2025-01-22,Micah Kim,21926,25967
2025-01-17,Morgan Rivera,15796,24491
2025-01-20,Cameron Baker,27672,29015
2025-01-15,Payton Adams,12051,17256
2025-01-13,Jesse Foster,17801,21879
2025-01-12,Skyler Foster,15146,19322
2025-01-27,Bailey Garcia,23921,25104
2025-01-14,Bailey Edwards,77155,
2025-01-17,Jesse Foster,23280,26522
2025-01-20,Sage Adams,18433,22764
2025-01-12,Reese Foster,14270,22570
2025-01-03,Elliot Lewis,13841,17627
2025-01-28,Jesse Hughes,30713,34391
2025-01-07,Cameron Lewis,19283,22513
2025-01-10,Quinn Lewis,26736,27571
2025-01-18,Sage Foster,13877,21618
2025-01-04,Harper Diaz,23585,27547
2025-01-26,Sage Adams,11407,14301
2025-01-23,Elliot Garcia,23241,26909
2025-01-11,Hayden Adams,22577,23787
2025-01-14,Kai Baker,77356,
2025-01-04,Drew Edwards,12516,14524
2025-01-29,Finley Baker,13043,19710
2025-01-10,Dakota Adams,21741,23359
2025-01-19,Jesse Edwards,13612,21163
2025-01-24,Kendall Johnson,21915,29370
2025-01-20,Hayden Garcia,20692,28402
2025-01-09,Drew Diaz,24597,27539
2025-01-07,Cameron Hughes,16796,25735
2025-01-15,Micah Baker,17377,19742
2025-01-12,Shawn Ingram,22699,29896
2025-01-06,Shawn Edwards,25199,31849
2025-01-11,Skyler Foster,24124,27800
2025-01-11,Cameron Hughes,17359,24543
2025-01-21,Finley Edwards,16764,17587
2025-01-28,Kai Campbell,14378,21937
2025-01-31,Quinn Foster,27682,29693
2025-01-20,Drew Lewis,37053,40030
2025-01-21,Quinn Edwards,13179,18979
2025-01-22,Cameron Adams,27368,31893
2025-01-03,Micah Baker,25243,33313
2025-01-06,Dakota Adams,25358,30816
2025-01-26,Jesse Kim,13887,22639
2025-01-18,Shawn Edwards,17392,19525
2025-01-16,Cameron Adams,24362,29701
2025-01-31,Quinn Lewis,27084,30767
2025-01-16,Cameron Lewis,21980,25318
2025-01-06,Jesse Campbell,15685,20268
2025-01-04,Finley Baker,15953,20280
2025-01-18,Logan Garcia,15793,24147
2025-01-03,Alex Diaz,11739,18472
2025-01-19,Alex Hughes,24788,30551
2025-01-31,Emerson Kim,15772,19758
2025-01-08,Harper Baker,78769,
2025-01-23,Skyler Edwards,20902,27409
2025-01-07,Payton Baker,16607,18383
2025-01-03,Sam Diaz,19144,26757
2025-01-11,Quinn Diaz,17362,21125
2025-01-07,Sam Diaz,13125,21333
2025-01-14,Morgan Rivera,17394,22642
2025-01-20,Kai Campbell,14715,19929
2025-01-03,Emerson Kim,19297,27078
2025-01-16,Alex Diaz,18872,25165
2025-01-02,Kai Campbell,14789,16128
2025-01-15,Hayden Garcia,22724,27527
2025-01-01,Harper Diaz,16016,18409
2025-01-27,Bailey Adams,15380,21131
2025-01-14,Micah Johnson,14355,21997
2025-01-13,Sam Foster,21733,29456
2025-01-30,Sam Garcia,12049,14218
2025-01-14,Elliot Adams,19096,22787
2025-01-21,Sam Foster,22001,23621
2025-01-16,Shawn Johnson,24577,27603
2025-01-18,Bailey Johnson,17903,20451
2025-01-24,Rowan Garcia,18305,26501
2025-01-21,Hayden Adams,19872,21379
2025-01-24,Skyler Campbell,18320,24608
2025-01-28,Carol Williams,38132,40892
2025-01-31,Bailey Foster,14144,17053
2025-01-16,Emerson Kim,15400,24256
2025-01-10,Reese Garcia,13947,14829
2025-01-20,Kai Campbell,23865,28079
2025-01-27,Hayden Foster,16431,19818
2025-01-08,Alex Diaz,14714,21442
2025-01-01,Emerson Adams,17467,25859
2025-01-07,Skyler Campbell,25033,32645
2025-01-30,Jesse Kim,15139,21505
2025-01-05,Sam Adams,16411,22586
2025-01-24,Quinn Garcia,16402,23513
2025-01-20,Emerson Ingram,81951,
2025-01-29,Dakota Adams,14171,16953
2025-01-18,Reese Edwards,28534,32416
2025-01-27,Finley Edwards,15487,20524
2025-01-12,Sam Garcia,15670,21749
2025-01-05,Skyler Edwards,24424,26849
2025-01-13,Micah Johnson,14256,15152
2025-01-28,Sam Foster,23597,26658
2025-01-03,Shawn Edwards,22807,23901
2025-01-30,Logan Diaz,22105,30242
2025-01-16,Kai Diaz,21954,28555
2025-01-30,Hayden Campbell,24114,30410
2025-01-28,Bailey Adams,26056,31335
2025-01-16,Reese Foster,11778,17254
2025-01-19,Jesse Foster,20184,21549
2025-01-15,Sage Garcia,14654,15421
2025-01-01,Reese Garcia,21162,27927
2025-01-31,Kai Hughes,19013,21292
2025-01-29,Emerson Kim,15675,22812
2025-01-31,Cameron Lewis,14930,20013
2025-01-12,Shawn Johnson,,7827
2025-01-02,Quinn Baker,15025,17156
2025-01-06,Hayden Garcia,25042,32145
2025-01-11,Jesse Campbell,17645,21830
2025-01-27,Bailey Foster,19811,20792
2025-01-05,Elliot Lewis,21796,23375
2025-01-15,Rowan Edwards,16123,25047
2025-01-05,Drew Edwards,21569,27580
2025-01-23,Logan Campbell,17612,22089
2025-01-27,Jesse Kim,12918,19579
2025-01-17,Bailey Hughes,16199,17116
2025-01-21,Kai Johnson,17952,21922
2025-01-12,Bailey Adams,22622,26803
2025-01-20,Sage Baker,16988,21002
2025-01-14,Micah Adams,22587,23702
2025-01-28,Payton Lewis,28701,37285
2025-01-22,Skyler Foster,20891,22058
2025-01-15,Emerson Foster,18244,25838
2025-01-24,Dakota Adams,20165,26419
2025-01-29,Kai Kim,27964,32560
2025-01-31,Emerson Johnson,20898,27890
2025-01-02,Reese Edwards,19054,21242
2025-01-05,Harper Garcia,13199,20386
2025-01-03,Hayden Diaz,18500,19953
2025-01-11,Emerson Adams,25896,33163
2025-01-13,Quinn Diaz,,7858
2025-01-02,Kendall Johnson,21907,28413
2025-01-09,Elliot Adams,14515,18845
2025-01-09,Harper Baker,16534,20061
2025-01-21,Micah Johnson,15457,17697
2025-01-10,Elliot Campbell,14030,22931
2025-01-21,Emerson Foster,12523,13844
2025-01-09,Skyler Baker,12645,21490
2025-01-20,Jesse Kim,16242,22997
2025-01-07,Alex Lewis,33411,35245
2025-01-31,Sage Garcia,12960,18394
2025-01-06,Jesse Edwards,11217,16350
2025-01-31,Micah Johnson,24965,27426
2025-01-08,Drew Lewis,22627,25368
2025-01-24,Elliot Campbell,15614,21952
2025-01-04,Finley Hughes,15006,18984
2025-01-16,Emerson Foster,32276,39827
2025-01-22,Parker Garcia,25454,30519
2025-01-04,Carol Williams,17179,18592
2025-01-30,Hayden Garcia,14987,22027
2025-01-28,Hayden Adams,82437,
2025-01-10,Hayden Diaz,16028,22447
2025-01-31,Alex Diaz,27333,28894
2025-01-26,Micah Lewis,17062,25861
2025-01-05,Cameron Lewis,15855,18354
2025-01-14,Jesse Campbell,26250,29644
2025-01-31,Sage Lewis,20719,22458
2025-01-27,Jamie Martinez,26864,35257
2025-01-15,Shawn Lewis,14318,20918
2025-01-09,Payton Baker,27254,31291
2025-01-22,Drew Diaz,16918,23925
2025-01-30,Avery Chen,15168,17744
2025-01-26,Kai Diaz,29063,29975
2025-01-15,Hayden Campbell,28915,31826
2025-01-25,Hayden Garcia,18710,23293
2025-01-09,Jesse Edwards,14089,21415
2025-01-18,Morgan Rivera,16553,25047
2025-01-13,Rowan Ingram,12959,19936
2025-01-11,Bailey Garcia,15767,19121
2025-01-01,Quinn Diaz,16764,22865
2025-01-13,Finley Baker,22151,27711
2025-01-19,Cameron Garcia,18265,24238
2025-01-04,Quinn Baker,15179,18682
2025-01-12,Harper Garcia,11493,18470
2025-01-22,Dakota Adams,14674,15756
2025-01-05,Harper Lewis,20114,24649
2025-01-24,Micah Adams,13586,19678
2025-01-12,Micah Edwards,11750,13483
2025-01-12,Sage Lewis,15354,18664
2025-01-06,Harper Baker,13692,18538
2025-01-04,Morgan Rivera,13998,18744
2025-01-19,Kai Kim,29385,30201
2025-01-18,Jesse Kim,12618,15744
2025-01-28,Kai Campbell,23777,27423
2025-01-13,Hayden Foster,34501,37777
2025-01-19,Kai Campbell,15509,23591
2025-01-06,Payton Baker,20233,28122
2025-01-30,Drew Edwards,24184,32885
2025-01-30,Rowan Ingram,19766,23464
2025-01-25,Rowan Edwards,21404,29631
2025-01-22,Jesse Campbell,14800,20214
2025-01-31,Drew Foster,15621,20103
2025-01-17,Micah Baker,15878,19001
2025-01-31,Elliot Campbell,14528,15725
2025-01-10,Quinn Diaz,13708,22212
2025-01-07,Reese Garcia,26594,32323
2025-01-10,Shawn Ingram,33629,42556
2025-01-12,Sam Diaz,13874,22359
2025-01-16,Morgan Rivera,14319,21770
2025-01-30,Skyler Foster,32473,40817
2025-01-08,Kendall Baker,19992,21228
2025-01-04,Quinn Foster,23052,25308
2025-01-27,Alex Campbell,23893,24723
2025-01-11,Hayden Diaz,18311,26474
2025-01-04,Jesse Campbell,20817,22861
2025-01-31,Kai Campbell,14711,20631
2025-01-27,Skyler Edwards,21293,27265
2025-01-06,Kai Johnson,14385,15708
2025-01-29,Reese Garcia,16430,20000
2025-01-31,Avery Chen,25606,34200
2025-01-15,Morgan Rivera,13359,18716
2025-01-29,Reese Baker,14529,19504
2025-01-17,Logan Hughes,15704,17512
2025-01-07,Jordan Patel,25579,31196
2025-01-13,Alex Diaz,34969,38381
2025-01-16,Emerson Adams,17685,21601
2025-01-20,Cameron Lewis,17710,21905
2025-01-02,Drew Edwards,83615,
2025-01-02,Kai Hughes,15419,23269
2025-01-08,Parker Garcia,20774,24817
2025-01-26,Hayden Ingram,20471,25513
2025-01-10,Jesse Campbell,13416,19145
2025-01-06,Kai Baker,13634,21635
2025-01-28,Emerson Kim,17808,26632
2025-01-27,Morgan Rivera,16708,18100
2025-01-20,Bailey Garcia,15652,20464
2025-01-02,Morgan Rivera,26145,29594
2025-01-30,Parker Garcia,12536,13500
2025-01-04,Alex Hughes,16010,24834
2025-01-14,Alex Hughes,14749,23263
2025-01-19,Micah Edwards,14648,19217
2025-01-28,Hayden Garcia,21621,30123
2025-01-09,Parker Adams,20781,23302
2025-01-15,Cameron Baker,14634,18860
2025-01-24,Bailey Garcia,15550,19089
2025-01-31,Elliot Garcia,16657,17629
2025-01-04,Parker Garcia,13215,20447
2025-01-01,Drew Ingram,12964,14415
2025-01-25,Parker Garcia,13311,16901
2025-01-22,Bailey Hughes,14336,19875
2025-01-29,Shawn Johnson,24549,29620
2025-01-16,Harper Baker,25216,28804
2025-01-21,Bailey Johnson,15894,20250
2025-01-19,Skyler Edwards,11801,14602
2025-01-26,Micah Edwards,27298,34362
2025-01-08,Jesse Foster,15186,21726
2025-01-11,Micah Adams,13269,16034
2025-01-18,Taylor Brooks,31766,34075
2025-01-24,Jamie Martinez,14191,16469
2025-01-19,Skyler Baker,17324,21051
2025-01-07,Cameron Lewis,12152,17352
2025-01-24,Sam Foster,14760,17144
2025-01-14,Rowan Edwards,23171,25726
2025-01-11,Alex Lewis,15595,16437
2025-01-02,Cameron Hughes,19350,25615
2025-01-05,Hayden Garcia,23362,25358
2025-01-19,Taylor Brooks,14971,20622
2025-01-11,Shawn Johnson,13939,18482
2025-01-21,Kai Baker,15613,18261
2025-01-06,Sam Garcia,13463,18518
2025-01-15,Bailey Garcia,23835,29298
2025-01-02,Taylor Brooks,84680,
2025-01-27,Skyler Baker,15791,17504
2025-01-11,Micah Johnson,14034,22551
2025-01-01,Logan Hughes,19146,27357
2025-01-07,Rowan Edwards,16254,22920
2025-01-28,Kai Kim,14430,17248
2025-01-21,Quinn Campbell,20974,25019
2025-01-27,Shawn Johnson,25127,28748
2025-01-08,Rowan Ingram,20914,29133
2025-01-05,Jesse Kim,23601,26046
2025-01-30,Hayden Garcia,24120,25683
2025-01-28,Micah Johnson,16838,18980
2025-01-04,Emerson Johnson,15912,24470
2025-01-02,Rowan Ingram,,5066
2025-01-25,Quinn Edwards,16630,20556
2025-01-07,Quinn Lewis,15547,17117
2025-01-06,Hayden Campbell,16418,19347
2025-01-05,Cameron Garcia,15101,17631
2025-01-08,Kai Hughes,18690,21253
2025-01-12,Reese Edwards,17193,25510
2025-01-27,Cameron Baker,12537,16614
2025-01-01,Logan Garcia,13557,14886
2025-01-13,Bailey Campbell,21698,30636
2025-01-15,Quinn Diaz,15345,20433
2025-01-27,Jesse Kim,22245,23909
2025-01-02,Emerson Adams,15645,19275
2025-01-25,Logan Garcia,23811,27301
2025-01-25,Bailey Foster,25315,30573
2025-01-02,Micah Lewis,12402,15377
2025-01-24,Reese Garcia,16580,21774
2025-01-18,Emerson Johnson,16805,19850
2025-01-06,Elliot Lewis,25369,27844
2025-01-24,Hayden Ingram,25115,27772
2025-01-01,Casey Nguyen,25402,27043
2025-01-12,Parker Adams,15486,23307
2025-01-11,Kai Diaz,14113,22134
2025-01-13,Kendall Baker,25207,31118
2025-01-21,Jesse Kim,14941,16931
2025-01-19,Casey Nguyen,11486,16855
2025-01-31,Cameron Baker,14290,20781
2025-01-13,Quinn Lewis,25780,29841
2025-01-19,Kai Johnson,82280,
2025-01-21,Kai Campbell,13604,20005
2025-01-12,Rowan Edwards,14781,15534
2025-01-03,Reese Garcia,25280,29178
2025-01-29,Emerson Ingram,20352,21461
2025-01-18,Emerson Johnson,21300,27500
2025-01-27,Harper Diaz,18425,25732
2025-01-19,Drew Foster,21987,25044
2025-01-03,Kendall Baker,16309,19393
2025-01-15,Reese Baker,14725,20624
2025-01-30,Emerson Ingram,22452,28522
2025-01-01,Rowan Garcia,15685,18616
2025-01-16,Elliot Ingram,19341,20800
2025-01-02,Skyler Edwards,21312,22624
2025-01-31,Drew Diaz,14687,15488
2025-01-13,Hayden Campbell,14373,18793
2025-01-03,Cameron Adams,16153,23394
2025-01-11,Kendall Johnson,25474,34202
2025-01-29,Elliot Ingram,13423,18404
2025-01-28,Elliot Ingram,79172,
2025-01-20,Micah Baker,13702,19067
2025-01-26,Payton Ingram,17409,23553
2025-01-12,Reese Baker,15610,17472
2025-01-04,Shawn Lewis,17722,20536
2025-01-14,Cameron Lewis,15185,18751
2025-01-11,Micah Kim,14347,15219
2025-01-24,Sage Foster,24234,32958
2025-01-04,Logan Hughes,14822,23240
2025-01-21,Elliot Adams,21822,29015
2025-01-02,Micah Lewis,16848,24757
2025-01-11,Payton Lewis,15129,21383
2025-01-28,Finley Hughes,20929,25457
2025-01-02,Elliot Adams,15098,23953
2025-01-15,Alex Lewis,16641,25077
2025-01-30,Casey Nguyen,21952,22681
2025-01-20,Reese Foster,14788,20692
2025-01-19,Kendall Johnson,18543,20437
2025-01-05,Cameron Hughes,14145,16435
2025-01-29,Avery Chen,16128,17054
2025-01-03,Parker Edwards,14582,18056
2025-01-24,Emerson Kim,15145,22013
2025-01-20,Bailey Hughes,12874,21700
2025-01-29,Bailey Edwards,22529,30479
2025-01-16,Shawn Kim,20158,28407
2025-01-01,Bailey Campbell,23181,30283
2025-01-08,Payton Ingram,22176,27970
2025-01-26,Rowan Edwards,15816,21907
2025-01-12,Jesse Foster,17908,25554
2025-01-14,Taylor Brooks,24917,26407
2025-01-26,Parker Garcia,15462,20522
2025-01-01,Emerson Foster,14778,16854
2025-01-02,Cameron Adams,16188,19188
2025-01-16,Emerson Ingram,20279,23508
2025-01-10,Elliot Lewis,18711,25116
2025-01-11,Bailey Adams,16928,22346
2025-01-25,Kendall Baker,15884,24049
2025-01-01,Cameron Hughes,17064,24283
2025-01-13,Elliot Campbell,24957,32302
2025-01-16,Kai Baker,,7254
2025-01-08,Payton Adams,15282,22005
2025-01-21,Kai Hughes,20972,28400
2025-01-08,Reese Edwards,15630,17983
2025-01-16,Quinn Edwards,16670,17810
2025-01-07,Elliot Ingram,13497,18668
2025-01-23,Sage Lewis,14464,16901
2025-01-16,Micah Adams,13942,17311
2025-01-17,Drew Ingram,18750,27734
2025-01-01,Bailey Edwards,13553,16571
2025-01-30,Parker Edwards,22231,28568
2025-01-23,Jesse Campbell,15432,24261
2025-01-24,Emerson Johnson,13451,18648
2025-01-06,Shawn Ingram,16435,20890
2025-01-31,Micah Kim,13854,17350
2025-01-17,Logan Garcia,14984,19218
2025-01-21,Riley Thompson,17798,24670
2025-01-31,Sage Baker,13368,19833
2025-01-14,Reese Foster,18227,25734
2025-01-26,Jesse Foster,14268,21100
2025-01-07,Micah Edwards,14723,23040
2025-01-26,Dakota Adams,16078,20315
2025-01-11,Rowan Garcia,22422,28811
2025-01-21,Payton Ingram,13903,17655
2025-01-13,Kai Campbell,14893,21009
2025-01-24,Rowan Ingram,17158,24957
2025-01-24,Drew Lewis,17233,24381
2025-01-30,Harper Lewis,16242,22814
2025-01-15,Hayden Garcia,16638,19548
2025-01-10,Cameron Garcia,16545,19859
2025-01-09,Payton Lewis,13237,21231
2025-01-20,Quinn Foster,13222,18611
2025-01-18,Bailey Edwards,12736,13856
2025-01-25,Drew Ingram,14473,17609
2025-01-26,Sam Foster,18624,24302
2025-01-03,Payton Adams,14722,20796
2025-01-05,Rowan Ingram,15052,20707
2025-01-05,Bailey Hughes,23793,30552
2025-01-21,Drew Ingram,15761,19340
2025-01-26,Quinn Garcia,21535,27079
2025-01-23,Jesse Diaz,25499,27424
2025-01-10,Micah Adams,24725,30901
2025-01-23,Kai Johnson,20595,23149
2025-01-27,Parker Edwards,17225,22318
2025-01-09,Cameron Lewis,14503,21120
2025-01-03,Micah Johnson,,6918
2025-01-15,Riley Thompson,22097,28264
2025-01-06,Alex Hughes,11259,16771
2025-01-27,Drew Diaz,15566,19941
2025-01-25,Hayden Foster,13515,18577
2025-01-20,Drew Lewis,25621,33150
2025-01-30,Jesse Foster,22753,31522
2025-01-13,Hayden Foster,14752,23360
2025-01-04,Drew Foster,14740,20623
2025-01-19,Bailey Adams,20719,28760
2025-01-28,Jesse Hughes,22350,27899
2025-01-11,Bailey Edwards,19798,20523
2025-01-13,Sage Foster,85024,
2025-01-01,Micah Lewis,12086,18980
2025-01-11,Alex Campbell,21871,26795
2025-01-18,Sam Garcia,14774,19200
2025-01-01,Parker Edwards,15077,20722
2025-01-30,Parker Garcia,15218,18118
2025-01-23,Quinn Foster,27022,35231
2025-01-31,Reese Adams,16080,17228
2025-01-30,Jesse Edwards,13881,21296
2025-01-13,Quinn Campbell,14956,17925
2025-01-16,Kai Baker,19696,25028
2025-01-03,Shawn Lewis,15449,22560
2025-01-08,Rowan Edwards,13532,16585
2025-01-05,Sam Diaz,18490,25117
2025-01-24,Cameron Garcia,78385,
2025-01-31,Parker Garcia,14809,22967
2025-01-26,Logan Hughes,23799,26300
2025-01-25,Skyler Campbell,16363,21022
2025-01-07,Rowan Ingram,21840,29686
2025-01-26,Rowan Ingram,16112,24212
2025-01-28,Hayden Adams,13404,19505
2025-01-17,Hayden Ingram,33398,40661
2025-01-13,Quinn Edwards,33063,34112
2025-01-13,Kendall Baker,15785,20993
2025-01-25,Quinn Garcia,17038,22080
2025-01-05,Skyler Baker,17702,24981
2025-01-10,Bailey Johnson,36161,38039
2025-01-15,Emerson Ingram,,4219
2025-01-11,Elliot Garcia,15904,19564
2025-01-22,Shawn Edwards,21233,28359
2025-01-25,Emerson Kim,12829,19919
2025-01-01,Cameron Baker,16294,21319
2025-01-20,Quinn Baker,14650,16420
2025-01-30,Jesse Diaz,16619,25433
2025-01-10,Quinn Lewis,16285,24653
2025-01-06,Reese Baker,29147,30136
2025-01-18,Alex Lewis,18812,27082
2025-01-13,Kai Hughes,24184,31398
2025-01-01,Skyler Campbell,15158,20219
2025-01-04,Shawn Kim,32717,37987
2025-01-08,Quinn Baker,13420,20251
2025-01-20,Payton Ingram,16880,19940
2025-01-27,Sage Foster,12720,21330
2025-01-29,Micah Lewis,14053,16164
2025-01-31,Skyler Baker,14380,17836
2025-01-02,Hayden Ingram,16258,24708
2025-01-21,Reese Foster,23951,32112
2025-01-18,Emerson Foster,16335,23041
2025-01-05,Cameron Lewis,18785,21570
2025-01-15,Reese Foster,17012,25930
2025-01-06,Sage Garcia,20065,26379
2025-01-18,Elliot Adams,12939,21917
2025-01-02,Cameron Ingram,14581,17684
2025-01-18,Taylor Brooks,24763,31161
2025-01-20,Quinn Edwards,13979,21519
2025-01-13,Logan Garcia,13985,20385
2025-01-20,Harper Lewis,13887,20311
2025-01-11,Alex Diaz,15629,19048
2025-01-29,Kai Baker,24610,25534
2025-01-26,Jamie Martinez,14220,21818
2025-01-26,Hayden Ingram,12603,19149
2025-01-22,Payton Ingram,13816,16743
2025-01-11,Reese Adams,25346,32981
2025-01-14,Micah Lewis,14831,17551
2025-01-10,Hayden Ingram,31610,38425
2025-01-07,Kendall Johnson,29924,36396
2025-01-16,Jamie Martinez,12401,18837
2025-01-11,Alex Campbell,13274,19979
2025-01-18,Kai Kim,21673,29168
2025-01-11,Jesse Kim,13343,16067
2025-01-13,Harper Garcia,23781,27078
2025-01-27,Kai Hughes,14017,19614
2025-01-05,Kendall Johnson,12329,13397
2025-01-07,Jesse Edwards,14099,19941
2025-01-03,Jesse Diaz,18799,25098
2025-01-10,Reese Baker,14953,21907
2025-01-24,Quinn Diaz,14666,16307
2025-01-05,Micah Lewis,25260,32220
2025-01-28,Casey Nguyen,19616,23087
2025-01-09,Harper Baker,34241,40778
2025-01-31,Skyler Campbell,22149,27398
2025-01-21,Sage Lewis,79927,
2025-01-22,Elliot Campbell,21179,24984
2025-01-17,Parker Adams,16015,24369
2025-01-19,Bailey Johnson,21959,26991
2025-01-17,Riley Thompson,65040,71820
2025-01-09,Alex Lewis,17939,25914
2025-01-15,Bailey Campbell,,8021
2025-01-14,Cameron Hughes,25673,27397
2025-01-07,Hayden Ingram,17497,22818
2025-01-24,Avery Chen,15909,17463
2025-01-20,Sage Garcia,27465,28899
2025-01-31,Quinn Edwards,18549,23500
2025-01-04,Elliot Kim,25370,32829
2025-01-27,Emerson Ingram,13906,19785
2025-01-07,Micah Adams,17473,25284
2025-01-11,Skyler Foster,77793,
2025-01-20,Logan Garcia,28325,33494
2025-01-16,Kai Diaz,12760,15230
2025-01-22,Taylor Brooks,65280,71640
2025-01-26,Logan Campbell,16494,24821
2025-01-15,Jesse Foster,28713,31932
2025-01-14,Micah Edwards,23725,25552
2025-01-02,Drew Diaz,21896,30384
2025-01-05,Cameron Adams,14270,18545
2025-01-16,Micah Baker,13787,15046
2025-01-13,Avery Chen,15172,18994
2025-01-26,Hayden Diaz,13648,22513
2025-01-27,Emerson Johnson,14011,18698
2025-01-19,Reese Foster,25494,26292
2025-01-29,Parker Edwards,13950,17382
2025-01-10,Kendall Baker,17774,19171
2025-01-04,Quinn Garcia,16255,18046
2025-01-30,Bailey Garcia,24099,33026
2025-01-09,Cameron Baker,24136,30638
2025-01-07,Logan Diaz,29678,34130
2025-01-10,Bailey Campbell,21034,26584
2025-01-16,Micah Edwards,,6667
2025-01-25,Micah Lewis,30108,31206
2025-01-05,Kai Kim,16117,19626
2025-01-11,Harper Baker,23668,31223
2025-01-20,Skyler Baker,16765,18574
2025-01-06,Elliot Garcia,12552,17049
2025-01-08,Emerson Foster,12756,20594
2025-01-23,Avery Chen,14645,21244
2025-01-28,Sam Adams,16375,20247
2025-01-07,Kendall Baker,16183,25174
2025-01-08,Shawn Edwards,20862,24968
2025-01-06,Rowan Ingram,27036,30947
2025-01-12,Sam Diaz,25558,27114
2025-01-27,Elliot Lewis,19081,24613
2025-01-08,Cameron Baker,21466,26596
2025-01-01,Shawn Lewis,26945,33848
2025-01-30,Sage Lewis,15727,22940
2025-01-25,Cameron Lewis,24349,31832
2025-01-20,Quinn Foster,21742,25337
2025-01-11,Payton Baker,27620,32632
2025-01-25,Micah Kim,18541,22618
2025-01-29,Alex Hughes,16222,18038
2025-01-09,Payton Ingram,12491,20473
2025-01-06,Drew Edwards,13734,19838
2025-01-20,Elliot Campbell,16859,21116
2025-01-16,Shawn Lewis,14894,23188
2025-01-17,Jesse Campbell,21553,24079
2025-01-07,Alex Lewis,21649,29445
2025-01-22,Kai Diaz,21104,25858
2025-01-30,Emerson Johnson,25194,28020
2025-01-02,Quinn Garcia,12982,21164
2025-01-09,Rowan Ingram,13822,22770
2025-01-27,Riley Thompson,15865,20095
2025-01-17,Skyler Campbell,15441,19574
2025-01-16,Bailey Edwards,14567,16756
2025-01-23,Jesse Edwards,21260,24215
2025-01-12,Bailey Garcia,13416,16279
2025-01-21,Reese Adams,19922,28218
2025-01-04,Cameron Garcia,24167,27881
2025-01-21,Sam Adams,14939,23050
2025-01-20,Skyler Edwards,21293,26484
2025-01-31,Drew Ingram,16330,24584
2025-01-18,Micah Lewis,15999,23955
2025-01-24,Quinn Foster,79690,
2025-01-30,Jesse Foster,14882,18509
2025-01-30,Harper Diaz,14497,17205
2025-01-26,Jesse Kim,23910,26492
2025-01-02,Riley Thompson,13545,22498
2025-01-18,Cameron Hughes,17044,24543
2025-01-28,Reese Baker,13465,18706
2025-01-16,Sage Baker,23421,28207
2025-01-14,Hayden Campbell,18482,22527
2025-01-25,Cameron Ingram,,8632
2025-01-03,Bailey Foster,20161,24880
2025-01-24,Finley Edwards,16179,20326
2025-01-03,Drew Ingram,28713,37365
2025-01-25,Emerson Foster,12953,18723
2025-01-11,Emerson Ingram,16465,24511
2025-01-20,Payton Baker,22105,30142
2025-01-26,Avery Chen,13821,16237
2025-01-17,Elliot Adams,14714,21068
2025-01-12,Sage Garcia,15370,20665
2025-01-24,Logan Garcia,16245,19598
2025-01-10,Reese Edwards,26297,34650
2025-01-23,Cameron Lewis,15726,17844
2025-01-24,Hayden Adams,25903,34066
2025-01-21,Harper Garcia,27137,33036
2025-01-11,Dakota Adams,17825,19416
2025-01-27,Rowan Edwards,16443,23398
2025-01-31,Rowan Ingram,22919,28262
2025-01-10,Quinn Foster,32557,40477
2025-01-21,Emerson Ingram,22924,28123
2025-01-28,Drew Diaz,15094,17088
2025-01-15,Shawn Kim,18599,20982
2025-01-14,Kendall Johnson,17169,22380
2025-01-07,Harper Diaz,,4541
2025-01-11,Logan Diaz,14377,19110
2025-01-10,Logan Garcia,14220,17799
2025-01-21,Cameron Hughes,18032,26672
2025-01-06,Harper Lewis,12781,16150
2025-01-04,Finley Baker,28864,32353
2025-01-10,Parker Edwards,28723,32846
2025-01-15,Carol Williams,23186,29640
2025-01-14,Reese Baker,20852,29042
2025-01-27,Finley Baker,25030,31810
2025-01-25,Harper Diaz,12633,17322
2025-01-02,Finley Baker,21102,23665
2025-01-10,Carol Williams,14587,23451
2025-01-15,Sam Foster,30982,35902
2025-01-10,Jesse Kim,13967,20231
2025-01-10,Jesse Edwards,32933,35207
2025-01-15,Jesse Kim,16821,22446
2025-01-27,Alex Diaz,21720,22624
2025-01-26,Emerson Kim,19915,24544
2025-01-30,Elliot Adams,22388,26719
2025-01-05,Hayden Ingram,18254,22706
2025-01-18,Bailey Adams,16047,23422
2025-01-08,Shawn Lewis,16531,24573
2025-01-28,Harper Garcia,25004,25844
2025-01-02,Sage Adams,13007,15737
2025-01-20,Taylor Brooks,16655,20008
2025-01-11,Sage Lewis,16642,18008
2025-01-09,Reese Foster,15703,17195
2025-01-23,Bailey Edwards,28321,31820
2025-01-17,Elliot Ingram,18884,23162
2025-01-24,Harper Lewis,15829,19162
2025-01-02,Shawn Ingram,75931,
2025-01-18,Jesse Foster,18633,24114
2025-01-12,Kai Kim,37599,40976
2025-01-28,Sam Diaz,22433,24931
2025-01-08,Micah Johnson,23119,30399
2025-01-08,Harper Diaz,13681,20275
2025-01-01,Casey Nguyen,15093,15876
2025-01-01,Rowan Garcia,19084,25873
2025-01-18,Shawn Kim,11974,13388
2025-01-11,Hayden Foster,25062,32598
2025-01-31,Payton Ingram,20216,23914
2025-01-09,Finley Edwards,16744,18491
2025-01-02,Taylor Brooks,17380,20636
2025-01-21,Logan Campbell,30480,35018
2025-01-21,Sage Foster,19937,27534
2025-01-10,Kendall Johnson,32027,40218
2025-01-27,Payton Adams,23913,31271
2025-01-10,Micah Baker,21738,25303
2025-01-27,Elliot Adams,14176,22084
2025-01-11,Cameron Baker,22458,28249
2025-01-07,Skyler Baker,14835,16148
2025-01-03,Payton Ingram,14578,23250
2025-01-15,Carol Williams,14825,19711
2025-01-19,Logan Garcia,17294,25448
2025-01-30,Hayden Foster,15522,23991
2025-01-28,Jesse Campbell,15691,19681
2025-01-10,Jordan Patel,24580,31520
2025-01-07,Drew Diaz,34745,38137
2025-01-30,Avery Chen,13697,14593
2025-01-23,Cameron Hughes,27333,35874
2025-01-05,Hayden Foster,24267,28965
2025-01-16,Quinn Lewis,25338,29141
2025-01-16,Sam Diaz,16229,20777
2025-01-06,Bailey Adams,21657,27847
2025-01-30,Bailey Garcia,16448,20089
2025-01-02,Rowan Edwards,30129,31535
2025-01-13,Cameron Garcia,16503,24464
2025-01-20,Shawn Johnson,18668,24028
2025-01-18,Casey Nguyen,11756,18831
2025-01-30,Kai Kim,18635,25535
2025-01-27,Finley Hughes,12083,14564
2025-01-18,Elliot Lewis,24851,29290
2025-01-07,Sage Foster,17257,19879
2025-01-19,Casey Nguyen,19780,23082
2025-01-01,Emerson Kim,36680,45297
2025-01-16,Harper Diaz,16524,25520
2025-01-16,Sam Foster,14053,21519
2025-01-01,Jesse Diaz,20653,22801
2025-01-29,Harper Diaz,,3540
2025-01-26,Rowan Garcia,17368,25795
2025-01-14,Dakota Adams,13927,22247
2025-01-04,Kai Johnson,26038,28154
2025-01-13,Bailey Foster,22121,27192
2025-01-22,Kai Campbell,18127,25030
2025-01-12,Kai Hughes,20255,23465
2025-01-01,Drew Lewis,14573,18084
2025-01-31,Payton Ingram,16353,17302
2025-01-06,Elliot Kim,15547,18676
2025-01-18,Logan Diaz,28988,29915
2025-01-11,Jesse Diaz,18697,21999
2025-01-01,Cameron Lewis,16619,19835
2025-01-24,Skyler Baker,23694,24461
2025-01-10,Payton Ingram,16036,23226
2025-01-28,Payton Ingram,21210,22799
2025-01-12,Micah Adams,14478,19176
2025-01-20,Micah Adams,14507,19499
2025-01-30,Rowan Ingram,14875,16209
2025-01-13,Skyler Baker,15798,24054
2025-01-26,Reese Foster,13894,21792
2025-01-15,Elliot Kim,13738,14634
2025-01-17,Rowan Edwards,15748,18677
2025-01-23,Logan Hughes,14906,23269
2025-01-28,Bailey Hughes,26834,30807
2025-01-08,Cameron Adams,20864,27266
2025-01-22,Payton Adams,17127,21131
2025-01-01,Sage Lewis,15978,19890
2025-01-16,Emerson Ingram,13816,15875
2025-01-26,Bailey Campbell,23926,27425
2025-01-13,Rowan Edwards,23166,31952
2025-01-19,Cameron Ingram,15916,19847
2025-01-31,Jordan Patel,25143,28352
2025-01-29,Skyler Foster,25040,32700
2025-01-26,Jesse Edwards,13396,14376
2025-01-21,Kai Johnson,13252,14986
2025-01-06,Logan Diaz,19530,26273
2025-01-29,Quinn Foster,14327,22101
2025-01-16,Casey Nguyen,23490,30449
2025-01-18,Cameron Garcia,33377,36799
2025-01-14,Quinn Edwards,14281,15076
2025-01-19,Reese Baker,14665,21180
2025-01-10,Cameron Ingram,15177,20405
2025-01-08,Jamie Martinez,14280,17682
2025-01-28,Drew Edwards,30812,33394
2025-01-25,Bailey Adams,23244,29275
2025-01-21,Bailey Garcia,15153,23682
2025-01-18,Parker Adams,23114,29792
2025-01-01,Bailey Hughes,12963,17696
2025-01-23,Drew Ingram,15355,18636
2025-01-05,Reese Edwards,27806,31922
2025-01-17,Shawn Lewis,20920,22546
2025-01-07,Cameron Hughes,26162,27197
2025-01-02,Bailey Foster,20670,25823
2025-01-06,Cameron Baker,20625,27635
2025-01-28,Alex Diaz,76999,
2025-01-22,Harper Lewis,16523,17456
2025-01-25,Cameron Ingram,24785,25880
2025-01-29,Bailey Foster,23256,32040
2025-01-27,Kai Diaz,15328,23279
2025-01-17,Kai Johnson,16498,19262
2025-01-07,Logan Garcia,24247,27222
2025-01-27,Jordan Patel,15473,19693
2025-01-13,Bailey Hughes,25435,28194
2025-01-17,Jesse Hughes,16525,17613
2025-01-22,Finley Edwards,15131,17776
2025-01-24,Harper Garcia,16409,18591
2025-01-20,Skyler Baker,14115,15817
2025-01-08,Hayden Garcia,13578,20759
2025-01-12,Cameron Lewis,17273,18444
2025-01-03,Harper Ingram,21412,27553
2025-01-18,Cameron Ingram,18934,21980
2025-01-31,Jesse Edwards,14066,16788
2025-01-30,Bailey Hughes,16555,19829
2025-01-10,Elliot Adams,15507,17597
2025-01-21,Harper Diaz,20514,25826
2025-01-24,Cameron Hughes,17256,20728
2025-01-15,Skyler Campbell,28744,36921
2025-01-03,Skyler Foster,17637,22834
2025-01-16,Bailey Edwards,19182,19989
2025-01-08,Drew Lewis,14635,20209
2025-01-25,Quinn Foster,,8564
2025-01-15,Payton Lewis,14086,16415
2025-01-03,Quinn Garcia,18682,22909
2025-01-02,Harper Baker,13772,21965
2025-01-02,Quinn Campbell,15087,17682
2025-01-04,Quinn Foster,14364,21249
2025-01-23,Emerson Adams,19108,25557
2025-01-15,Harper Lewis,15883,22968
2025-01-07,Cameron Ingram,23624,28362
2025-01-05,Micah Johnson,15072,23996
2025-01-19,Bailey Campbell,13694,18289
2025-01-01,Elliot Ingram,15270,21336
2025-01-20,Parker Garcia,17484,18956
2025-01-24,Hayden Ingram,18152,24481
2025-01-08,Cameron Garcia,17371,24868
2025-01-09,Drew Edwards,14399,15672
2025-01-31,Cameron Garcia,15829,19385
2025-01-21,Avery Chen,,859
2025-01-16,Drew Diaz,13912,21658
2025-01-03,Morgan Rivera,20774,28302
2025-01-09,Payton Lewis,23538,25423
2025-01-09,Parker Garcia,24507,29191
2025-01-13,Alex Lewis,15366,19584
2025-01-12,Logan Diaz,13266,17717
2025-01-18,Parker Adams,12327,20876
2025-01-22,Cameron Ingram,78508,
2025-01-19,Sage Foster,22859,24085
2025-01-18,Elliot Campbell,24234,29189
2025-01-10,Payton Baker,20501,22613
2025-01-25,Quinn Diaz,21074,27836
2025-01-30,Quinn Foster,13948,17913
2025-01-03,Drew Diaz,15228,18438
2025-01-08,Harper Garcia,13062,20489
2025-01-23,Hayden Adams,24964,27827
2025-01-11,Parker Edwards,18372,22813
2025-01-28,Micah Lewis,15071,19836
2025-01-10,Harper Ingram,14687,16843
2025-01-21,Sage Garcia,23982,30670
2025-01-21,Harper Ingram,24955,29641
2025-01-16,Carol Williams,13129,21308
2025-01-21,Harper Ingram,13850,22018
2025-01-22,Alex Hughes,28507,35827
2025-01-14,Alex Diaz,23042,30696
2025-01-23,Payton Lewis,19021,24677
2025-01-08,Micah Edwards,25745,28043
2025-01-21,Jesse Campbell,23994,31219
2025-01-09,Hayden Diaz,14037,14929
2025-01-21,Elliot Lewis,27874,36298
2025-01-30,Cameron Ingram,19854,22126
2025-01-28,Harper Lewis,12345,13186
2025-01-18,Logan Hughes,18613,27284
2025-01-26,Harper Garcia,19195,20318
2025-01-14,Finley Hughes,79064,
2025-01-05,Micah Adams,13886,17759
2025-01-28,Micah Kim,13833,16027
2025-01-16,Shawn Johnson,30811,32310
2025-01-16,Bailey Campbell,,7950
2025-01-13,Jamie Martinez,17708,19692
2025-01-14,Payton Baker,23233,29359
2025-01-24,Morgan Rivera,13423,15460
2025-01-27,Elliot Lewis,16057,18328
2025-01-29,Shawn Lewis,22459,26174
2025-01-23,Skyler Foster,21986,28260
2025-01-27,Drew Foster,32054,33261
2025-01-07,Logan Garcia,15204,23387
2025-01-18,Logan Campbell,14447,21558
2025-01-03,Elliot Garcia,25578,26546
2025-01-04,Drew Diaz,16786,19979
2025-01-20,Elliot Campbell,76135,
2025-01-10,Payton Baker,12015,18457
2025-01-16,Quinn Lewis,20437,22223
2025-01-07,Bailey Edwards,17305,20779
2025-01-20,Elliot Campbell,24402,32372
2025-01-05,Micah Lewis,35571,44401
2025-01-17,Sage Lewis,15698,19782
2025-01-08,Parker Garcia,15781,18067
2025-01-04,Payton Lewis,13955,15201
2025-01-22,Cameron Baker,12528,18314
2025-01-11,Harper Diaz,13135,21450
2025-01-05,Jesse Kim,16355,21103
2025-01-19,Micah Baker,15244,22278
2025-01-22,Micah Kim,13537,19431
2025-01-27,Hayden Diaz,38879,42454
2025-01-20,Elliot Lewis,13444,17984
2025-01-23,Kai Campbell,16490,25404
2025-01-15,Logan Garcia,19393,22497
2025-01-22,Harper Diaz,13940,16311
2025-01-30,Harper Baker,18851,23715
2025-01-23,Sam Foster,27790,30259
2025-01-12,Bailey Campbell,22736,28352
2025-01-20,Reese Adams,15866,20211
2025-01-18,Parker Edwards,19110,20107
2025-01-03,Sage Lewis,13732,18828
2025-01-15,Cameron Ingram,13227,22156
2025-01-15,Harper Garcia,19225,22014
2025-01-24,Payton Lewis,15748,16704
2025-01-06,Elliot Garcia,32846,38724
2025-01-15,Kendall Baker,16449,24917
2025-01-19,Micah Edwards,22265,31065
2025-01-27,Hayden Garcia,25515,32356
2025-01-09,Alex Diaz,13056,17045
2025-01-09,Alex Campbell,23683,32236
2025-01-02,Jesse Foster,75866,
2025-01-03,Payton Baker,23402,31637
2025-01-12,Hayden Diaz,13563,17195
2025-01-22,Jesse Diaz,13337,16650
2025-01-12,Cameron Lewis,13516,16077
2025-01-11,Jordan Patel,64800,72000
2025-01-28,Elliot Garcia,12422,15966
2025-01-21,Drew Diaz,27698,29454
2025-01-15,Rowan Ingram,14024,15046
2025-01-13,Drew Edwards,16433,17537
2025-01-09,Bailey Johnson,15716,22665
2025-01-27,Jesse Diaz,14328,19868
2025-01-11,Shawn Edwards,14303,21842
2025-01-30,Quinn Foster,20894,23485
2025-01-15,Jesse Edwards,12038,17695
2025-01-07,Finley Baker,23846,30731
2025-01-31,Parker Adams,15626,23607
2025-01-09,Drew Lewis,17848,23023
2025-01-19,Shawn Kim,24256,28698
2025-01-02,Skyler Campbell,12477,16759
2025-01-10,Bailey Foster,18266,27218
2025-01-31,Reese Edwards,19880,28431
2025-01-28,Jamie Martinez,64800,72000
2025-01-27,Drew Lewis,15270,16563
2025-01-23,Drew Ingram,20865,29180
2025-01-27,Drew Ingram,14876,15799
2025-01-12,Micah Kim,25337,28296
2025-01-21,Taylor Brooks,14096,14998
2025-01-24,Cameron Ingram,78441,
2025-01-26,Casey Nguyen,27120,32863
2025-01-20,Skyler Campbell,,6733
2025-01-20,Payton Adams,22592,25715
2025-01-29,Reese Garcia,14656,15671
2025-01-22,Bailey Campbell,13898,16758
2025-01-04,Kai Johnson,76130,
2025-01-31,Kai Kim,13439,18771
2025-01-08,Drew Diaz,24896,32230
2025-01-04,Quinn Lewis,14567,22364
2025-01-05,Sage Adams,15238,21144
2025-01-30,Reese Adams,17393,21223
2025-01-17,Payton Lewis,17125,17960
2025-01-09,Kendall Johnson,29834,33733
2025-01-26,Finley Baker,15276,22157
2025-01-11,Hayden Ingram,18355,21712
2025-01-10,Elliot Ingram,15599,18969
2025-01-06,Shawn Kim,19230,28147
2025-01-04,Cameron Lewis,22182,30099
2025-01-29,Jesse Foster,24192,30764
2025-01-31,Quinn Baker,16760,18396
2025-01-01,Shawn Johnson,14940,15942
2025-01-27,Payton Baker,29945,31811
2025-01-26,Elliot Lewis,29203,36940
2025-01-16,Micah Adams,20458,26387
2025-01-21,Drew Diaz,22782,24922
2025-01-20,Cameron Lewis,15399,16257
2025-01-06,Kendall Baker,20254,26955
2025-01-30,Reese Edwards,30531,39253
2025-01-01,Payton Lewis,12949,17769
2025-01-14,Harper Lewis,18812,22727
2025-01-02,Alex Hughes,13402,21383
2025-01-02,Payton Lewis,25659,33827
2025-01-05,Emerson Adams,17189,19193
2025-01-11,Bailey Johnson,14288,15093
2025-01-14,Harper Diaz,16406,18118
2025-01-12,Elliot Garcia,23893,26955
2025-01-15,Drew Lewis,15999,19924
2025-01-18,Quinn Campbell,16455,24453
2025-01-06,Alex Campbell,22250,22976
2025-01-14,Shawn Johnson,16190,21816
2025-01-01,Taylor Brooks,14518,22530
2025-01-02,Dakota Adams,15234,16779
2025-01-22,Hayden Foster,14931,23161
2025-01-09,Quinn Edwards,16330,18836
2025-01-04,Logan Hughes,24892,30350
2025-01-28,Elliot Garcia,19233,22783
2025-01-21,Finley Edwards,27912,31907
2025-01-01,Hayden Adams,20898,25889
2025-01-16,Harper Garcia,14296,18866
2025-01-16,Elliot Lewis,11486,13814
2025-01-13,Cameron Ingram,25412,30644
2025-01-06,Quinn Edwards,15033,18297
2025-01-22,Riley Thompson,21034,22081
2025-01-04,Elliot Lewis,16686,21037
2025-01-12,Micah Lewis,19405,25261
2025-01-02,Cameron Baker,14349,21504
2025-01-11,Emerson Adams,84192,
2025-01-10,Logan Diaz,15687,18524
2025-01-18,Sam Adams,20140,25164
2025-01-21,Logan Diaz,12997,14529
2025-01-08,Quinn Baker,21110,27500
2025-01-19,Kai Johnson,18858,24491
2025-01-22,Hayden Diaz,13899,17132
2025-01-04,Skyler Edwards,13575,21502
2025-01-26,Skyler Baker,25952,30543
2025-01-04,Jesse Diaz,23992,30008
2025-01-01,Sage Baker,16792,19705
2025-01-19,Carol Williams,22878,25361
2025-01-30,Emerson Adams,14814,22561
2025-01-06,Jamie Martinez,14081,17401
2025-01-02,Reese Adams,14441,19763
2025-01-16,Carol Williams,31480,36658
2025-01-31,Shawn Lewis,12242,20070
2025-01-22,Shawn Lewis,16241,23639
2025-01-17,Emerson Foster,15716,23351
2025-01-06,Bailey Adams,13566,20134
2025-01-11,Kai Kim,23632,29184
2025-01-15,Bailey Garcia,30567,34304
2025-01-15,Skyler Campbell,25259,26851
2025-01-26,Jesse Foster,27922,35275
2025-01-19,Drew Edwards,21582,23469
2025-01-09,Sam Foster,14013,22346
2025-01-29,Logan Hughes,11752,18583
2025-01-18,Sage Foster,24583,31156
2025-01-23,Reese Baker,12558,16846
2025-01-12,Quinn Foster,24387,25421
2025-01-21,Reese Edwards,19511,26459
2025-01-22,Cameron Ingram,11419,14981
2025-01-02,Alex Campbell,14473,20205
2025-01-25,Emerson Johnson,25166,31160
2025-01-25,Logan Diaz,18170,24146
2025-01-12,Jamie Martinez,16326,24858
2025-01-02,Sage Lewis,15207,23312
2025-01-24,Jesse Edwards,23177,28799
2025-01-24,Kendall Baker,16705,24515
2025-01-16,Hayden Ingram,30451,37278
2025-01-17,Rowan Garcia,18486,22391
2025-01-11,Micah Lewis,21329,24871
2025-01-01,Sam Adams,15899,21457
2025-01-31,Skyler Foster,11361,17121
2025-01-01,Sam Diaz,16748,25204
2025-01-26,Payton Lewis,13735,21752
2025-01-09,Dakota Adams,16536,19783
2025-01-04,Payton Adams,21664,25439
2025-01-21,Rowan Edwards,28981,35746
2025-01-30,Payton Adams,14453,17891
2025-01-12,Finley Edwards,19944,23818
2025-01-22,Sam Diaz,23473,32282
2025-01-15,Parker Adams,16783,21395
2025-01-27,Cameron Adams,32601,35039
2025-01-21,Jesse Campbell,15812,21720
2025-01-07,Jesse Kim,16230,21664
2025-01-25,Harper Ingram,37211,41698
2025-01-14,Finley Baker,14618,17303
2025-01-07,Morgan Rivera,15452,17443
2025-01-08,Logan Garcia,17045,23773
2025-01-25,Micah Johnson,24711,29444
2025-01-01,Shawn Kim,12675,20898
2025-01-16,Drew Diaz,24526,33050
2025-01-17,Sage Foster,19933,21372
2025-01-24,Alex Lewis,12074,19542
2025-01-16,Parker Garcia,15325,17635
2025-01-11,Harper Baker,14083,20452
2025-01-03,Finley Hughes,24388,30838
2025-01-16,Reese Garcia,15033,22716
2025-01-20,Harper Ingram,13793,17615
2025-01-23,Sage Garcia,20281,26942
2025-01-11,Quinn Edwards,14734,19639
2025-01-15,Reese Baker,21085,22074
2025-01-11,Harper Lewis,13587,20770
2025-01-02,Kai Campbell,25520,30137
2025-01-06,Drew Ingram,23333,28239
2025-01-06,Payton Ingram,15985,18237
2025-01-03,Bailey Foster,14579,16332
2025-01-25,Hayden Ingram,14755,15798
2025-01-09,Reese Edwards,14409,20061
2025-01-23,Reese Edwards,17327,22835
2025-01-31,Emerson Adams,22346,25996
2025-01-10,Bailey Hughes,14875,20920
2025-01-14,Shawn Lewis,23964,28881
2025-01-27,Payton Adams,15682,20652
2025-01-24,Avery Chen,20145,22361
2025-01-21,Alex Hughes,26041,31419
2025-01-26,Payton Adams,24810,31605
2025-01-10,Finley Hughes,15358,19762
2025-01-22,Micah Baker,12578,13393
2025-01-30,Sam Diaz,14883,17395
2025-01-03,Skyler Edwards,17218,20550
2025-01-28,Kai Johnson,16099,21198
2025-01-05,Parker Edwards,30351,35056
2025-01-29,Jamie Martinez,30797,32479
2025-01-01,Kai Hughes,20751,22911
2025-01-18,Micah Kim,21454,27622
2025-01-10,Sam Diaz,,935
2025-01-05,Jesse Campbell,19460,26039
2025-01-28,Skyler Edwards,12450,14881
2025-01-11,Payton Adams,21707,29385
2025-01-21,Jesse Foster,14889,21656
2025-01-28,Parker Edwards,24891,26790
2025-01-01,Jesse Hughes,15033,19998
2025-01-29,Reese Adams,18316,20950
2025-01-05,Parker Edwards,15104,21006
2025-01-17,Elliot Campbell,29172,35253
2025-01-05,Kai Campbell,21139,23644
2025-01-30,Skyler Foster,13149,19140
2025-01-28,Taylor Brooks,27887,30121
2025-01-22,Quinn Lewis,20875,24526
2025-01-16,Carol Williams,23262,30368
2025-01-14,Harper Ingram,21221,27583
2025-01-03,Taylor Brooks,15776,20803
2025-01-27,Taylor Brooks,,2794
2025-01-23,Payton Baker,20746,22525
2025-01-03,Harper Baker,26190,30859
2025-01-20,Micah Lewis,19224,25520
2025-01-05,Bailey Campbell,11992,16146
2025-01-04,Quinn Foster,28743,35358
2025-01-16,Micah Edwards,30176,33040
2025-01-11,Jesse Edwards,15378,24369
2025-01-28,Taylor Brooks,12745,16163
2025-01-17,Drew Foster,20511,29465
2025-01-03,Hayden Diaz,13642,17577
2025-01-03,Morgan Rivera,13319,19400
2025-01-05,Quinn Diaz,12546,15789
2025-01-25,Payton Ingram,13437,15037
2025-01-16,Rowan Ingram,13891,19062
2025-01-02,Sage Baker,25729,28065
2025-01-28,Harper Baker,11771,20562
2025-01-15,Elliot Garcia,15937,17957
2025-01-19,Alex Hughes,15977,21732
2025-01-06,Shawn Edwards,13790,22759
2025-01-19,Shawn Johnson,16115,20011
2025-01-14,Shawn Johnson,23636,32332
2025-01-16,Cameron Adams,14900,22810
2025-01-14,Cameron Ingram,24804,33064
2025-01-19,Harper Baker,15890,18437
2025-01-04,Shawn Johnson,13727,17043
2025-01-20,Quinn Garcia,12597,16392
2025-01-26,Rowan Garcia,29586,37594
2025-01-02,Quinn Foster,24792,26956
2025-01-27,Sage Foster,23323,28803
2025-01-15,Quinn Campbell,15449,18231
2025-01-04,Kai Campbell,14829,21991
2025-01-16,Jesse Edwards,16724,25612
2025-01-24,Sage Lewis,25966,26719
2025-01-02,Elliot Adams,25125,31437
2025-01-17,Logan Diaz,25736,34641
2025-01-24,Hayden Diaz,21618,22648
2025-01-02,Rowan Ingram,25995,31588
2025-01-06,Jesse Hughes,24702,32576
2025-01-01,Quinn Diaz,23778,31067
2025-01-02,Kai Campbell,18206,22838
2025-01-02,Cameron Garcia,17492,21305
2025-01-05,Emerson Foster,12001,16863
2025-01-03,Logan Diaz,22473,30862
2025-01-21,Cameron Lewis,22235,27411
2025-01-31,Elliot Ingram,16927,19053
2025-01-02,Jesse Campbell,13603,21195
2025-01-21,Elliot Campbell,,3968
2025-01-27,Parker Edwards,23820,26160
2025-01-01,Hayden Adams,17412,19888
2025-01-09,Kai Kim,28487,37470
2025-01-08,Finley Edwards,12863,18180
2025-01-03,Elliot Adams,14249,15795
2025-01-12,Drew Edwards,28252,32082
2025-01-26,Alex Campbell,21389,22938
2025-01-20,Parker Garcia,23241,26755
2025-01-07,Bailey Campbell,16794,21024
2025-01-28,Cameron Hughes,13050,19359
2025-01-18,Jordan Patel,13090,18485
2025-01-11,Hayden Garcia,23810,24956
2025-01-16,Payton Lewis,15776,22175
2025-01-04,Harper Ingram,14277,16791
2025-01-18,Dakota Adams,25278,27313
2025-01-22,Quinn Diaz,13704,16240
2025-01-26,Sam Garcia,25128,30639
2025-01-16,Taylor Brooks,15251,19353
2025-01-17,Jesse Foster,14649,22868
2025-01-30,Cameron Lewis,14792,20185
2025-01-09,Hayden Campbell,14333,18003
2025-01-22,Sage Foster,22489,24949
2025-01-16,Reese Edwards,16283,19151
2025-01-07,Payton Lewis,30300,35725
2025-01-02,Hayden Foster,15213,22471
2025-01-24,Rowan Garcia,28576,34073
2025-01-22,Payton Baker,24450,31423
2025-01-25,Elliot Kim,15264,22679
2025-01-09,Morgan Rivera,19188,25834
2025-01-30,Elliot Adams,30607,39176
2025-01-12,Finley Baker,14415,20726
2025-01-13,Jesse Edwards,12650,17234
2025-01-04,Alex Diaz,24943,25730
2025-01-05,Drew Lewis,36298,42195
2025-01-10,Kai Hughes,24171,31193
2025-01-15,Jesse Hughes,21785,26315
2025-01-14,Quinn Baker,35507,40140
2025-01-22,Jesse Foster,20527,24421
2025-01-22,Emerson Adams,16125,17859
2025-01-09,Micah Lewis,15059,20776
2025-01-30,Logan Campbell,14038,17039
2025-01-16,Logan Diaz,17773,26574
2025-01-26,Sage Baker,15535,22980
2025-01-02,Drew Edwards,20208,23612
2025-01-14,Jesse Campbell,15137,23182
2025-01-03,Reese Adams,21492,26266
2025-01-18,Hayden Diaz,13131,14121
2025-01-10,Quinn Campbell,15484,18426
2025-01-02,Hayden Ingram,36664,37422
2025-01-26,Sage Foster,28528,37102
2025-01-06,Cameron Lewis,15495,18162
2025-01-15,Drew Diaz,21713,27650
2025-01-11,Micah Kim,19231,27379
2025-01-05,Quinn Foster,15583,22729
2025-01-01,Harper Diaz,19795,23840
2025-01-15,Logan Hughes,12973,18663
2025-01-03,Sam Diaz,13855,17508
2025-01-20,Bailey Edwards,24269,30487
2025-01-21,Logan Campbell,16584,21434
2025-01-17,Quinn Campbell,30680,33299
2025-01-09,Jesse Edwards,79021,
2025-01-23,Riley Thompson,17186,23780
2025-01-24,Kai Hughes,30969,32248
2025-01-06,Sage Adams,15283,20205
2025-01-01,Micah Adams,26781,28789
2025-01-15,Rowan Garcia,25126,33975
2025-01-28,Shawn Edwards,13535,17209
2025-01-27,Quinn Lewis,23619,30844
2025-01-21,Bailey Foster,23812,30806
2025-01-01,Hayden Foster,26845,34173
2025-01-22,Emerson Kim,24822,31579
2025-01-22,Elliot Garcia,12006,18759
2025-01-06,Carol Williams,15987,21082
2025-01-29,Jesse Hughes,17037,23574
2025-01-16,Bailey Garcia,13006,15281
2025-01-03,Bailey Hughes,18982,20271
2025-01-28,Alex Campbell,14448,22428
2025-01-16,Hayden Ingram,25660,26538
2025-01-23,Casey Nguyen,13389,17873
2025-01-03,Sam Adams,20017,22530
2025-01-14,Jesse Edwards,15704,20707
2025-01-31,Harper Ingram,16700,25111
2025-01-12,Harper Diaz,12984,17283
2025-01-28,Hayden Diaz,16744,18963
2025-01-12,Alex Hughes,18638,21828
2025-01-23,Elliot Ingram,15989,24755
2025-01-18,Shawn Johnson,20259,22914
2025-01-10,Reese Edwards,24920,25797
2025-01-31,Jesse Foster,14155,16241
2025-01-09,Taylor Brooks,25345,32398
2025-01-11,Emerson Foster,14959,15778
2025-01-13,Riley Thompson,24684,31735
2025-01-07,Bailey Johnson,21270,28650
2025-01-11,Sam Adams,13216,20235
2025-01-02,Jordan Patel,14308,20051
2025-01-19,Micah Adams,14443,19778
2025-01-18,Harper Ingram,15373,17379
2025-01-06,Hayden Adams,20012,21863
2025-01-07,Shawn Kim,26652,33990
2025-01-12,Bailey Edwards,16989,19073
2025-01-25,Logan Hughes,35051,37342
2025-01-06,Skyler Edwards,17353,18233
2025-01-21,Reese Garcia,14403,21589
2025-01-20,Hayden Diaz,20579,26159
2025-01-18,Cameron Adams,14542,15923
2025-01-04,Elliot Ingram,11787,18055
2025-01-29,Hayden Adams,16708,17539
2025-01-14,Kai Kim,14317,20500
2025-01-05,Bailey Hughes,15574,21685
2025-01-28,Elliot Adams,27796,32533
2025-01-01,Parker Garcia,15756,17289
2025-01-24,Casey Nguyen,26624,33659
2025-01-08,Quinn Diaz,23032,25796
2025-01-17,Elliot Lewis,12486,13356
2025-01-12,Drew Edwards,15695,23759
2025-01-14,Jesse Hughes,32515,34881
2025-01-13,Casey Nguyen,14956,22756
2025-01-21,Elliot Kim,16975,19342
2025-01-12,Alex Diaz,12904,16471
2025-01-27,Reese Garcia,23786,31378
2025-01-02,Kendall Baker,15572,18850
2025-01-11,Shawn Kim,13216,17576
2025-01-12,Kai Diaz,13428,14704
2025-01-15,Quinn Baker,24202,30428
2025-01-23,Bailey Johnson,19361,25368
2025-01-06,Emerson Ingram,16429,25390
2025-01-17,Quinn Diaz,21415,30066
2025-01-27,Micah Adams,22989,31915
2025-01-24,Taylor Brooks,13359,19858
2025-01-29,Kai Kim,21173,26201
2025-01-19,Kendall Baker,15305,16468
2025-01-12,Cameron Ingram,24783,33409
2025-01-06,Emerson Kim,13848,17718
2025-01-20,Elliot Garcia,27427,35763
2025-01-31,Bailey Edwards,33692,35321
2025-01-25,Reese Garcia,14182,18106
2025-01-09,Logan Hughes,25282,29256
2025-01-16,Harper Lewis,15230,18174
2025-01-12,Bailey Adams,16815,21277
2025-01-30,Harper Garcia,19854,26587
2025-01-09,Kendall Johnson,14916,22525
2025-01-28,Hayden Garcia,17196,19853
2025-01-15,Casey Nguyen,28854,33589
2025-01-07,Shawn Lewis,16187,16935
2025-01-20,Jesse Hughes,15626,17145
2025-01-04,Rowan Edwards,17036,20796
2025-01-25,Harper Baker,15490,19145
2025-01-18,Skyler Edwards,20162,26698
2025-01-18,Alex Diaz,15816,18444
2025-01-30,Emerson Foster,28608,36046
2025-01-22,Avery Chen,16293,19668
2025-01-28,Payton Baker,25439,27136
2025-01-20,Jesse Edwards,13317,17593
2025-01-26,Hayden Ingram,26203,32065
2025-01-07,Jamie Martinez,24196,27855
2025-01-12,Jordan Patel,23661,25810
2025-01-06,Finley Edwards,14770,20909
2025-01-26,Elliot Kim,15285,16685
2025-01-09,Sam Diaz,76568,
2025-01-26,Kendall Baker,16080,22410
2025-01-20,Emerson Johnson,16536,21304
2025-01-23,Shawn Lewis,24960,26232
2025-01-10,Morgan Rivera,24852,29858
2025-01-23,Alex Lewis,15767,20410
2025-01-15,Harper Ingram,17071,19810
2025-01-21,Bailey Garcia,84703,
2025-01-31,Bailey Adams,16135,18349
2025-01-06,Logan Hughes,15071,22526
2025-01-27,Shawn Ingram,15562,22531
2025-01-24,Drew Foster,18618,27169
2025-01-06,Carol Williams,22742,23588
2025-01-28,Parker Garcia,12820,21628
2025-01-26,Emerson Kim,14873,17533
2025-01-12,Elliot Ingram,17545,25028
2025-01-26,Hayden Campbell,32124,40940
2025-01-23,Quinn Baker,23601,26003
2025-01-24,Hayden Foster,24783,33467
2025-01-09,Drew Edwards,20142,22191
2025-01-24,Jesse Campbell,27152,29185
2025-01-21,Payton Lewis,14417,16168
2025-01-10,Quinn Foster,26385,30619
2025-01-30,Alex Campbell,27409,32833
2025-01-09,Hayden Foster,13094,18745
2025-01-09,Kai Diaz,34251,36261
2025-01-05,Jamie Martinez,15278,23912
2025-01-23,Harper Baker,24437,31423
2025-01-12,Riley Thompson,13130,17810
2025-01-07,Hayden Diaz,18518,19796
2025-01-05,Drew Diaz,12564,19506
2025-01-13,Jesse Hughes,12613,19586
2025-01-06,Sam Garcia,33033,38684
2025-01-09,Micah Johnson,12559,20945
2025-01-13,Micah Kim,15606,21033
2025-01-15,Elliot Kim,15538,18080
2025-01-05,Finley Baker,14499,15640
2025-01-22,Quinn Garcia,21362,22240
2025-01-07,Shawn Ingram,14355,20564
2025-01-02,Micah Johnson,14892,20521
2025-01-01,Emerson Johnson,15113,21310
2025-01-30,Rowan Garcia,13595,19837
2025-01-17,Jesse Diaz,13155,21897
2025-01-16,Rowan Garcia,16157,23904
2025-01-20,Finley Hughes,16903,25854
2025-01-26,Sam Diaz,15932,20962
2025-01-07,Jesse Campbell,18234,25334
2025-01-22,Kai Johnson,,8365
2025-01-26,Drew Foster,16097,22606
2025-01-17,Elliot Kim,13318,15191
2025-01-29,Rowan Garcia,16647,18319
2025-01-05,Carol Williams,24762,27692
2025-01-09,Shawn Ingram,14615,18409
2025-01-08,Finley Baker,79056,
2025-01-19,Hayden Foster,11909,18121
2025-01-05,Harper Baker,12437,19032
2025-01-11,Sage Garcia,17443,22332
2025-01-04,Shawn Kim,,4876
2025-01-28,Hayden Diaz,27015,31341
2025-01-23,Micah Adams,14055,15956
2025-01-03,Micah Adams,17139,18174
2025-01-22,Logan Garcia,14584,20891
2025-01-17,Sam Adams,20222,23514
2025-01-06,Sam Adams,16214,18255
2025-01-23,Elliot Campbell,24319,30406
2025-01-16,Payton Baker,14765,22227
2025-01-21,Kendall Baker,20352,28392
2025-01-14,Dakota Adams,24621,26543
2025-01-13,Taylor Brooks,17673,23020
2025-01-15,Riley Thompson,13966,20632
2025-01-27,Jesse Foster,13727,21591
2025-01-04,Parker Edwards,12128,14413
2025-01-14,Casey Nguyen,12649,20770
2025-01-27,Logan Garcia,14036,20682
2025-01-18,Avery Chen,21709,24362
2025-01-14,Logan Hughes,17750,26217
2025-01-16,Finley Edwards,12930,15509
2025-01-16,Alex Hughes,16056,21039
2025-01-05,Payton Adams,16894,20339
2025-01-18,Drew Diaz,20774,26987
2025-01-01,Alex Hughes,13131,19167
2025-01-13,Elliot Campbell,16003,20862
2025-01-25,Hayden Campbell,22131,29260
2025-01-02,Micah Johnson,24804,25526
2025-01-08,Sage Baker,14235,21772
2025-01-28,Elliot Adams,16179,25027
2025-01-14,Drew Foster,16804,22461
2025-01-02,Quinn Garcia,22554,29649
2025-01-18,Jesse Campbell,13786,22155
2025-01-25,Elliot Adams,25719,26531
2025-01-29,Logan Diaz,15106,21177
2025-01-10,Drew Lewis,14219,15155
2025-01-21,Drew Lewis,17158,22624
2025-01-14,Micah Kim,15977,24764
2025-01-13,Emerson Foster,16665,20429
2025-01-17,Jordan Patel,14629,17026
2025-01-17,Reese Adams,21940,28324
2025-01-29,Taylor Brooks,15694,19200
2025-01-30,Skyler Edwards,20317,24290
2025-01-17,Sam Foster,20494,22867
2025-01-24,Reese Foster,17088,20834
2025-01-30,Payton Lewis,23495,27632
2025-01-31,Elliot Lewis,15476,23378
2025-01-21,Sam Adams,79820,
2025-01-31,Reese Baker,18492,25843
2025-01-01,Sage Garcia,14040,20864
2025-01-29,Quinn Garcia,23707,29854
2025-01-23,Jordan Patel,14325,20017
2025-01-18,Bailey Johnson,16304,17505
2025-01-29,Reese Adams,14088,16843
2025-01-09,Emerson Adams,14187,16414
2025-01-27,Parker Adams,17108,20384
2025-01-10,Morgan Rivera,14963,23757
2025-01-11,Emerson Ingram,27046,34751
2025-01-09,Emerson Adams,18614,27521
2025-01-17,Alex Diaz,13118,17936
2025-01-28,Kai Diaz,76623,
2025-01-25,Harper Garcia,,7169
2025-01-08,Kendall Baker,13175,15616
2025-01-19,Sage Garcia,16018,24033
2025-01-17,Shawn Lewis,13654,19970
2025-01-15,Sage Foster,13080,16597
2025-01-17,Payton Adams,14308,17954
2025-01-21,Logan Campbell,24149,27322
2025-01-16,Kendall Baker,14548,23450
2025-01-09,Elliot Lewis,19932,23001
2025-01-17,Sam Foster,13788,19340
2025-01-30,Parker Edwards,13830,19998
2025-01-20,Emerson Adams,20956,27250
2025-01-01,Skyler Edwards,21652,29943
2025-01-28,Finley Edwards,18164,23703
2025-01-07,Hayden Diaz,15180,18142
2025-01-25,Micah Baker,17879,24064
2025-01-08,Emerson Ingram,29123,37093
2025-01-07,Kai Baker,20635,21778
2025-01-20,Rowan Garcia,15085,21540
2025-01-02,Quinn Diaz,13214,19451
2025-01-07,Jesse Edwards,20859,27134
2025-01-01,Alex Hughes,23129,28348
2025-01-07,Carol Williams,11877,20395
2025-01-28,Sam Garcia,16521,21759
2025-01-14,Rowan Garcia,15652,21526
2025-01-20,Harper Baker,19115,25332
2025-01-29,Jesse Campbell,25373,31135
2025-01-31,Drew Edwards,15513,21194
2025-01-30,Hayden Diaz,17005,23195
2025-01-26,Shawn Edwards,11706,13198
2025-01-24,Sam Adams,17998,25664
2025-01-11,Kai Hughes,16565,19259
2025-01-08,Avery Chen,65040,71820
2025-01-13,Bailey Hughes,19986,23798
2025-01-19,Jesse Hughes,24430,31891
2025-01-03,Carol Williams,18686,25802
2025-01-28,Sage Adams,12787,18095
2025-01-18,Micah Lewis,25981,27047
2025-01-29,Quinn Lewis,22206,25666
2025-01-19,Jordan Patel,23419,26200
2025-01-16,Sage Lewis,17017,20840
2025-01-31,Jesse Kim,15027,21330
2025-01-27,Skyler Foster,16236,24593
2025-01-09,Jesse Kim,12882,13602
2025-01-12,Sam Foster,19020,27284
2025-01-05,Shawn Ingram,17995,26814
2025-01-20,Jesse Foster,14256,23086
2025-01-24,Hayden Garcia,22753,30555
2025-01-21,Micah Edwards,18909,19873
2025-01-02,Elliot Lewis,14107,18599
2025-01-07,Finley Baker,11864,19370
2025-01-21,Payton Baker,17022,20212
2025-01-05,Kendall Baker,15853,17640
2025-01-29,Payton Baker,18267,26090
2025-01-24,Emerson Adams,23404,28573
2025-01-29,Emerson Johnson,28495,30706
2025-01-06,Jesse Kim,15554,19479
2025-01-23,Shawn Edwards,14385,20882
2025-01-19,Cameron Adams,16263,18510
2025-01-15,Sage Lewis,18332,25639
2025-01-26,Sage Foster,14594,16449
2025-01-20,Finley Edwards,20264,27480
2025-01-19,Drew Ingram,16083,23819
2025-01-12,Cameron Adams,14743,16777
2025-01-09,Cameron Hughes,23964,25787
2025-01-26,Bailey Foster,16926,18244
2025-01-06,Skyler Foster,13506,22098
2025-01-23,Payton Ingram,22175,25228
2025-01-28,Alex Hughes,12628,13908
2025-01-05,Drew Ingram,17461,25322
2025-01-29,Sam Adams,16649,23094
2025-01-27,Jesse Hughes,19694,25779
2025-01-15,Reese Foster,28597,32867
2025-01-16,Bailey Edwards,23839,28812
2025-01-22,Rowan Edwards,18820,22198
2025-01-04,Logan Garcia,16391,25197
2025-01-07,Bailey Foster,15032,22708
2025-01-31,Sage Adams,13978,22750
2025-01-16,Drew Ingram,16991,20271
2025-01-17,Jesse Campbell,12616,17652
2025-01-24,Skyler Baker,14405,20200
2025-01-22,Taylor Brooks,65040,71820
2025-01-26,Kendall Johnson,13944,20451
2025-01-15,Drew Ingram,22622,30084
2025-01-19,Jesse Campbell,16834,18303
2025-01-14,Emerson Johnson,14450,19068
2025-01-13,Bailey Garcia,14462,20535
2025-01-24,Bailey Garcia,19822,23759
2025-01-08,Jesse Edwards,17014,21953
2025-01-01,Elliot Campbell,18352,22630
2025-01-12,Carol Williams,26755,35170
2025-01-09,Emerson Kim,16016,22813
2025-01-16,Jesse Diaz,15417,20883
2025-01-09,Micah Kim,21434,28006
2025-01-28,Sam Adams,29959,36733
2025-01-27,Bailey Hughes,12412,20877
2025-01-05,Hayden Foster,15538,20485
2025-01-31,Sage Foster,18635,25679
2025-01-08,Emerson Kim,14885,16309
2025-01-27,Cameron Lewis,17139,23243
2025-01-20,Hayden Ingram,13019,21474
2025-01-13,Logan Hughes,12297,15643
2025-01-07,Parker Edwards,23350,24938
2025-01-13,Jesse Campbell,17145,25268
2025-01-28,Logan Diaz,15170,22661
2025-01-31,Jesse Kim,22624,28172
2025-01-17,Finley Hughes,15667,23376
2025-01-11,Rowan Ingram,14761,21931
2025-01-20,Payton Baker,14222,21639
2025-01-15,Emerson Adams,13383,17543
2025-01-13,Reese Garcia,21293,27083
2025-01-08,Elliot Lewis,24183,25769
2025-01-26,Parker Edwards,25781,27162
2025-01-05,Micah Baker,17024,20581
2025-01-11,Emerson Johnson,20929,28399
2025-01-30,Sage Foster,14501,21957
2025-01-14,Shawn Kim,15032,17850
2025-01-28,Emerson Ingram,14975,15968
2025-01-12,Kendall Baker,23060,24692
2025-01-12,Micah Edwards,18096,25687
2025-01-03,Jordan Patel,22187,26992
2025-01-15,Emerson Kim,21842,22694
2025-01-16,Bailey Adams,14910,16154
2025-01-16,Elliot Ingram,17314,18817
2025-01-25,Drew Edwards,17919,26040
2025-01-07,Emerson Kim,18834,19868
2025-01-25,Skyler Campbell,13043,14994
2025-01-22,Payton Adams,24125,29683
2025-01-07,Hayden Foster,13109,21144
2025-01-05,Jesse Campbell,13827,17419
2025-01-26,Bailey Johnson,18698,20767
2025-01-30,Payton Ingram,21092,23173
2025-01-11,Shawn Edwards,25982,34357
2025-01-29,Avery Chen,18096,23416
2025-01-25,Casey Nguyen,65280,71640
2025-01-06,Morgan Rivera,16455,19197
2025-01-02,Hayden Campbell,16008,21160
2025-01-04,Shawn Kim,12044,20287
2025-01-16,Drew Edwards,14851,15601
2025-01-25,Cameron Garcia,21789,27154
2025-01-31,Bailey Hughes,26348,27197
2025-01-19,Micah Baker,24326,32816
2025-01-26,Elliot Campbell,15075,17326
2025-01-19,Sam Diaz,20719,25657
2025-01-25,Sam Adams,12408,19352
2025-01-25,Rowan Garcia,21884,30758
2025-01-12,Sage Adams,19187,23646
2025-01-28,Quinn Campbell,17789,21116
2025-01-13,Harper Ingram,21156,27601
2025-01-13,Dakota Adams,15324,21555
2025-01-26,Skyler Baker,15711,21887
2025-01-05,Kai Hughes,25707,30358
2025-01-29,Elliot Kim,14157,22722
2025-01-03,Bailey Campbell,23372,28417
2025-01-06,Bailey Johnson,16101,22966
2025-01-18,Bailey Foster,20935,27744
2025-01-22,Kai Kim,17176,21506
2025-01-16,Drew Edwards,16469,24026
2025-01-25,Kai Kim,14094,19560
2025-01-21,Skyler Edwards,22866,26762
2025-01-13,Drew Lewis,13267,20287
2025-01-03,Rowan Edwards,81660,
2025-01-30,Drew Diaz,17924,23516
2025-01-07,Skyler Baker,18127,19090
2025-01-07,Micah Baker,15004,19635
2025-01-01,Hayden Garcia,19625,27337
2025-01-26,Cameron Ingram,15555,20467
2025-01-23,Emerson Kim,18154,21521
2025-01-09,Kai Baker,11607,18829
2025-01-07,Alex Diaz,15407,24340
2025-01-27,Cameron Hughes,15966,23819
2025-01-20,Kai Baker,15356,22546
2025-01-21,Kai Diaz,,8070
2025-01-21,Logan Garcia,16322,25135
2025-01-06,Sage Baker,15778,17518
2025-01-31,Bailey Garcia,13880,21472
2025-01-12,Elliot Garcia,14851,20421
2025-01-19,Skyler Foster,14475,21352
2025-01-11,Elliot Adams,19958,23459
2025-01-01,Emerson Kim,28661,32950
2025-01-11,Emerson Kim,29294,34524
2025-01-28,Harper Lewis,14776,21764
2025-01-28,Jesse Foster,23236,26639
2025-01-14,Cameron Lewis,25618,34172
2025-01-17,Reese Adams,15472,18039
2025-01-13,Hayden Ingram,16342,20010
2025-01-03,Elliot Garcia,15567,22521
2025-01-05,Micah Kim,17792,19077
2025-01-21,Quinn Garcia,16948,23715
2025-01-22,Sage Garcia,23380,24693
2025-01-15,Finley Hughes,28850,35094
2025-01-25,Sage Foster,24888,31457
2025-01-25,Skyler Foster,15111,19877
2025-01-18,Kai Johnson,11907,18102
2025-01-27,Hayden Campbell,24698,28481
2025-01-31,Payton Adams,16602,25489
2025-01-16,Riley Thompson,20324,27028
2025-01-04,Rowan Garcia,22957,30153
2025-01-18,Drew Lewis,16906,18549
2025-01-29,Payton Baker,11400,14507
2025-01-25,Micah Edwards,23579,29384
2025-01-07,Elliot Adams,21370,26608
2025-01-20,Quinn Campbell,16470,23244
2025-01-09,Jordan Patel,12604,20908
2025-01-12,Jesse Campbell,12439,15331
2025-01-12,Cameron Baker,13897,20804
2025-01-12,Emerson Kim,14926,17324
2025-01-20,Emerson Kim,12335,15003
2025-01-26,Alex Lewis,23965,28589
2025-01-23,Reese Garcia,28462,35257
2025-01-24,Logan Campbell,15492,17255
2025-01-31,Micah Lewis,15510,20518
2025-01-19,Carol Williams,15105,20440
2025-01-13,Drew Lewis,35276,43754
2025-01-01,Logan Diaz,12690,17121
2025-01-06,Skyler Edwards,13023,16312
2025-01-21,Sage Adams,27471,29160
2025-01-04,Cameron Baker,15119,16492
2025-01-11,Reese Edwards,19793,20993
2025-01-09,Shawn Lewis,16567,23619
2025-01-28,Bailey Adams,16261,24318
2025-01-17,Finley Edwards,20455,21477
2025-01-15,Dakota Adams,15226,17501
2025-01-02,Harper Ingram,34523,38179
2025-01-01,Kai Kim,24592,28538
2025-01-16,Jesse Campbell,26330,27930
2025-01-31,Quinn Baker,20844,27545
2025-01-17,Bailey Adams,14219,20728
2025-01-05,Jesse Edwards,14929,19880
2025-01-31,Elliot Kim,22111,30207
2025-01-08,Sam Adams,13033,16105
2025-01-16,Reese Edwards,21309,26884
2025-01-10,Harper Baker,15796,16529
2025-01-25,Sam Diaz,11217,20114
2025-01-25,Quinn Lewis,15599,16683
2025-01-11,Quinn Lewis,37020,38845
2025-01-21,Quinn Edwards,23380,24146
2025-01-12,Bailey Hughes,18980,24255
2025-01-17,Micah Adams,14851,23167
2025-01-15,Kai Hughes,26548,34165
2025-01-13,Alex Campbell,16156,24403
2025-01-03,Quinn Foster,15203,16547
2025-01-10,Emerson Foster,19305,23623
2025-01-29,Bailey Edwards,15257,21131
2025-01-14,Skyler Edwards,14464,15945
2025-01-26,Elliot Adams,11932,13992
2025-01-03,Skyler Baker,24915,26265
2025-01-15,Kendall Baker,,2809
2025-01-06,Payton Ingram,21702,24174
2025-01-27,Finley Hughes,17235,22958
2025-01-16,Hayden Foster,13530,16777
2025-01-09,Skyler Baker,25438,30457
2025-01-27,Kai Campbell,21724,22960
2025-01-26,Alex Campbell,14801,19654
2025-01-25,Quinn Baker,23684,24428
2025-01-13,Harper Lewis,15096,19129
2025-01-21,Elliot Campbell,16569,22245
2025-01-29,Casey Nguyen,13990,18053
2025-01-06,Shawn Kim,14672,17261
2025-01-27,Shawn Lewis,15704,21560
2025-01-22,Micah Baker,16621,20941
2025-01-21,Harper Baker,18181,25264
2025-01-09,Parker Adams,16353,17344
2025-01-09,Logan Hughes,15074,23061
2025-01-24,Quinn Foster,20493,22330
2025-01-02,Shawn Lewis,15227,21746
2025-01-01,Carol Williams,26847,28900
2025-01-09,Micah Edwards,14038,15187
2025-01-02,Micah Edwards,16272,19609
2025-01-25,Bailey Edwards,13078,20828
2025-01-16,Harper Ingram,29150,35399
2025-01-25,Bailey Adams,12160,21084
2025-01-29,Logan Diaz,22883,30811
2025-01-16,Kai Johnson,18725,23369
2025-01-26,Micah Kim,20397,24875
2025-01-19,Harper Ingram,14610,16412
2025-01-16,Micah Edwards,18301,26960
2025-01-12,Skyler Foster,,7685
2025-01-21,Bailey Campbell,15928,21104
2025-01-29,Sage Lewis,13979,21265
2025-01-11,Quinn Garcia,20822,27374
2025-01-23,Alex Hughes,22615,25979
2025-01-26,Kai Johnson,13848,19241
2025-01-13,Quinn Diaz,15093,19275
2025-01-08,Carol Williams,24117,29950
2025-01-28,Dakota Adams,32382,40191
2025-01-07,Reese Adams,17411,23500
2025-01-19,Elliot Campbell,13451,14349
2025-01-15,Hayden Campbell,14875,18041
2025-01-24,Hayden Ingram,81961,
2025-01-14,Bailey Johnson,13203,14998
2025-01-27,Alex Campbell,14388,23226
2025-01-29,Jesse Campbell,17367,23232
2025-01-08,Sage Garcia,81693,
2025-01-28,Drew Edwards,15076,22823
2025-01-21,Payton Adams,16378,24187
2025-01-27,Micah Edwards,16978,17840
2025-01-12,Micah Baker,15080,22006
2025-01-09,Morgan Rivera,13856,14711
2025-01-29,Logan Garcia,27752,34487
2025-01-28,Logan Hughes,15909,22229
2025-01-23,Hayden Adams,14009,22535
2025-01-04,Bailey Hughes,13471,17088
2025-01-13,Skyler Foster,24876,30575
2025-01-24,Reese Garcia,13289,14796
2025-01-21,Sage Adams,15968,23452
2025-01-09,Harper Baker,,3264
2025-01-01,Bailey Johnson,11994,13493
2025-01-12,Reese Edwards,26585,31261
2025-01-11,Jesse Diaz,13909,15558
2025-01-11,Logan Hughes,20994,23845
2025-01-08,Skyler Campbell,11938,16451
2025-01-29,Quinn Garcia,15003,20748
2025-01-04,Bailey Foster,14274,16937
2025-01-21,Bailey Edwards,17233,20583
2025-01-12,Carol Williams,13795,18180
2025-01-08,Riley Thompson,14847,18412
2025-01-14,Quinn Garcia,24343,32390
2025-01-27,Quinn Garcia,15204,23675
2025-01-10,Micah Edwards,16927,19512
2025-01-05,Sam Garcia,14607,22465
2025-01-20,Rowan Garcia,27415,28296
2025-01-13,Sage Foster,17196,19843
2025-01-02,Carol Williams,16115,21901
2025-01-12,Cameron Ingram,12832,21417
2025-01-18,Avery Chen,,5525
2025-01-29,Cameron Lewis,19382,21506
2025-01-16,Kai Kim,13257,14632
2025-01-14,Morgan Rivera,26674,30448
2025-01-08,Parker Adams,13722,20430
2025-01-02,Logan Garcia,24258,30147
2025-01-24,Sam Adams,14473,16625
2025-01-18,Micah Edwards,17549,18519
2025-01-26,Hayden Adams,16863,18533
2025-01-18,Sam Garcia,22069,30308
2025-01-10,Dakota Adams,15637,17462
2025-01-05,Sage Garcia,18576,22778
2025-01-28,Harper Diaz,,7554
2025-01-07,Bailey Edwards,13835,15597
2025-01-05,Reese Foster,21882,26201
2025-01-22,Carol Williams,15196,16769
2025-01-12,Elliot Campbell,20274,24875
2025-01-19,Shawn Johnson,23603,27804
2025-01-23,Elliot Kim,23472,25598
2025-01-19,Emerson Ingram,13833,21397
2025-01-15,Sage Foster,19786,26168
2025-01-03,Quinn Edwards,17899,18937
2025-01-08,Cameron Hughes,23235,30650
2025-01-17,Riley Thompson,65280,71640
2025-01-27,Rowan Garcia,17723,20874
2025-01-17,Kai Diaz,27675,31069
2025-01-09,Carol Williams,16204,24796
2025-01-09,Drew Foster,17064,19623
2025-01-14,Kai Kim,22764,24222
2025-01-02,Kai Diaz,15259,21786
2025-01-31,Emerson Kim,20241,28423
2025-01-26,Rowan Edwards,23342,27319
2025-01-26,Elliot Lewis,24587,27864
2025-01-24,Shawn Johnson,22810,27463
2025-01-18,Elliot Campbell,15639,22878
2025-01-02,Kai Baker,14641,15647
2025-01-25,Sage Baker,15666,17665
2025-01-21,Parker Edwards,20782,26915
2025-01-06,Kendall Johnson,12866,20273
2025-01-05,Shawn Edwards,26449,29246
2025-01-27,Payton Ingram,14365,21294
2025-01-11,Elliot Campbell,16900,22483
2025-01-22,Kendall Johnson,16225,22879
2025-01-18,Sage Baker,17565,20043
2025-01-28,Bailey Garcia,17026,24335
2025-01-14,Skyler Campbell,14221,21479
2025-01-30,Hayden Adams,25806,31177
2025-01-19,Payton Baker,16012,19186
2025-01-24,Jesse Edwards,30264,33369
2025-01-01,Harper Baker,18775,21137
2025-01-25,Harper Garcia,16259,24321
2025-01-25,Morgan Rivera,17580,24120
2025-01-20,Emerson Johnson,28434,31992
2025-01-16,Parker Adams,26019,29930
2025-01-24,Jesse Kim,13866,17440
2025-01-23,Micah Kim,31562,34585
2025-01-26,Micah Edwards,13444,15061
2025-01-26,Kai Hughes,16816,23232
2025-01-09,Harper Garcia,20947,22397
2025-01-20,Harper Garcia,16013,17918
2025-01-10,Jesse Hughes,14313,20931
2025-01-30,Logan Diaz,15572,18489
2025-01-23,Parker Garcia,27018,28495
2025-01-14,Drew Edwards,19833,22307
2025-01-14,Rowan Ingram,19227,21757
2025-01-13,Bailey Garcia,21721,29426
2025-01-27,Taylor Brooks,17722,24139
2025-01-05,Shawn Johnson,17999,18731
2025-01-08,Drew Edwards,12500,19621
2025-01-18,Bailey Hughes,19855,26295
2025-01-21,Casey Nguyen,18195,22816
2025-01-02,Harper Ingram,27102,31302
2025-01-09,Harper Ingram,21800,24647
2025-01-22,Drew Edwards,11975,17440
2025-01-26,Parker Edwards,30016,38609
2025-01-14,Bailey Adams,13569,22453
2025-01-13,Bailey Adams,21804,28094
2025-01-03,Harper Garcia,13711,22183
2025-01-26,Emerson Johnson,12973,14839
2025-01-02,Hayden Ingram,26249,34316
2025-01-09,Rowan Ingram,26028,27842
2025-01-11,Jesse Campbell,26220,31455
2025-01-02,Logan Diaz,13812,22642
2025-01-14,Quinn Diaz,14789,20587
2025-01-16,Skyler Baker,15508,19928
2025-01-08,Hayden Campbell,30279,34024
2025-01-25,Finley Edwards,28042,33515
2025-01-03,Jordan Patel,28771,33081
2025-01-05,Alex Diaz,18607,24671
2025-01-07,Shawn Lewis,17516,22277
2025-01-04,Quinn Diaz,14388,16051
2025-01-13,Jesse Kim,13813,19059
2025-01-21,Emerson Johnson,16786,17877
2025-01-08,Alex Lewis,15629,19311
2025-01-16,Hayden Ingram,16039,23591
2025-01-11,Morgan Rivera,15533,16612
2025-01-04,Sam Adams,17167,24633
2025-01-03,Skyler Campbell,26222,30949
2025-01-26,Quinn Foster,28021,35262
2025-01-12,Logan Hughes,19365,20813
2025-01-30,Kai Kim,15397,16262
2025-01-14,Jamie Martinez,14394,15622
2025-01-24,Sage Lewis,13600,21516
2025-01-18,Kai Diaz,21596,30531
2025-01-29,Riley Thompson,23534,25269
2025-01-09,Hayden Ingram,14026,20894
2025-01-18,Emerson Foster,25049,31130
2025-01-28,Harper Diaz,18448,24972
2025-01-09,Micah Baker,12382,21073
2025-01-06,Shawn Lewis,14195,15340
2025-01-07,Elliot Lewis,15133,16219
2025-01-04,Drew Edwards,15686,21415
2025-01-14,Elliot Ingram,15210,17086
2025-01-21,Parker Edwards,14049,18656
2025-01-20,Alex Hughes,16960,18644
2025-01-24,Skyler Campbell,12895,14415
2025-01-14,Sam Foster,12111,15356
2025-01-04,Cameron Baker,18010,23055
2025-01-18,Hayden Campbell,18326,25363
2025-01-07,Bailey Adams,15584,22064
2025-01-19,Quinn Campbell,20953,26805
2025-01-28,Jamie Martinez,65280,71640
2025-01-07,Micah Kim,13874,17095
2025-01-22,Reese Foster,25677,33658
2025-01-05,Finley Hughes,22109,26151
2025-01-10,Rowan Ingram,17822,21071
2025-01-12,Shawn Kim,14135,19876
2025-01-14,Bailey Edwards,35679,37155
2025-01-27,Cameron Hughes,25114,30875
2025-01-22,Parker Edwards,17669,26065
2025-01-18,Kendall Johnson,15495,20611
2025-01-13,Payton Lewis,15439,21607
2025-01-27,Hayden Ingram,21799,23304
2025-01-17,Harper Ingram,14622,16684
2025-01-31,Harper Diaz,26153,30269
2025-01-02,Emerson Foster,16556,20496
2025-01-06,Harper Baker,19450,27758
2025-01-01,Harper Diaz,25373,30967
2025-01-13,Finley Hughes,16461,24248
2025-01-04,Quinn Edwards,17523,24007
2025-01-04,Emerson Adams,15610,23999
2025-01-17,Kai Diaz,17077,19973
2025-01-07,Jesse Kim,37438,40789
2025-01-05,Bailey Edwards,23284,29916
2025-01-14,Sam Diaz,21176,22077
2025-01-13,Cameron Lewis,16808,23944
2025-01-24,Harper Diaz,24855,27020
2025-01-12,Drew Diaz,17165,22454
2025-01-02,Drew Ingram,23279,26812
2025-01-16,Elliot Campbell,14534,16706
2025-01-31,Bailey Hughes,14852,21081
2025-01-07,Drew Foster,15407,18607
2025-01-21,Finley Hughes,24568,33266
2025-01-07,Cameron Garcia,22619,31274
2025-01-08,Elliot Adams,25601,33742
2025-01-02,Bailey Garcia,15272,16273
2025-01-22,Morgan Rivera,13805,22628
2025-01-21,Skyler Foster,15763,21882
2025-01-24,Cameron Baker,20995,27920
2025-01-19,Skyler Campbell,75978,
2025-01-31,Quinn Lewis,16863,24526
2025-01-03,Micah Edwards,13910,15696
2025-01-08,Rowan Garcia,15824,22590
2025-01-01,Payton Baker,15814,17516
2025-01-24,Finley Hughes,15648,17625
2025-01-12,Quinn Campbell,15555,23521
2025-01-08,Micah Baker,17729,20064
2025-01-13,Bailey Edwards,13841,15401
2025-01-28,Dakota Adams,17740,25970
2025-01-09,Casey Nguyen,14452,21551
2025-01-31,Kai Hughes,25464,27853
2025-01-23,Jesse Diaz,16832,24792
2025-01-09,Jordan Patel,85427,
2025-01-07,Quinn Foster,16513,22028
2025-01-01,Rowan Edwards,23942,24876
2025-01-28,Cameron Lewis,12008,20737
2025-01-28,Sage Garcia,22421,28326
2025-01-14,Sam Adams,16524,25035
2025-01-17,Sam Garcia,16250,17926
2025-01-13,Finley Hughes,25289,26930
2025-01-22,Parker Garcia,16644,22383
2025-01-29,Hayden Diaz,26436,27655
2025-01-18,Sam Diaz,13169,15425
2025-01-20,Kai Diaz,14347,21660
2025-01-11,Cameron Adams,26412,28096
2025-01-24,Skyler Campbell,27814,30383
2025-01-14,Micah Baker,18910,25025
2025-01-31,Rowan Edwards,25936,27766
2025-01-09,Jamie Martinez,14482,22659
2025-01-22,Bailey Garcia,15824,22530
2025-01-01,Alex Diaz,15891,21770
2025-01-31,Elliot Garcia,19057,26286
2025-01-07,Sam Diaz,23022,31915
2025-01-14,Cameron Adams,13247,15253
2025-01-27,Skyler Campbell,16586,24244
2025-01-13,Payton Lewis,23140,31297
2025-01-21,Rowan Garcia,15258,18274
2025-01-20,Sam Diaz,27940,35894
2025-01-17,Quinn Foster,16122,19289
2025-01-10,Bailey Garcia,15941,21009
2025-01-22,Rowan Edwards,15763,16965
2025-01-21,Emerson Foster,17227,22956
2025-01-25,Shawn Lewis,25147,26527
2025-01-28,Drew Lewis,15780,20454
2025-01-30,Kai Baker,12482,20222
2025-01-25,Sage Adams,,3934
2025-01-28,Emerson Johnson,16933,19578
2025-01-28,Kai Diaz,30765,32783
2025-01-31,Casey Nguyen,14162,16452
2025-01-08,Micah Lewis,25038,27145
2025-01-15,Avery Chen,27414,32732
2025-01-17,Sam Diaz,13320,16938
2025-01-31,Rowan Edwards,15785,24526
2025-01-14,Micah Adams,25639,30228
2025-01-15,Elliot Lewis,13730,17468
2025-01-25,Cameron Baker,14573,20196
2025-01-13,Quinn Foster,15891,16720
2025-01-21,Avery Chen,26865,32187
2025-01-08,Shawn Edwards,15400,20350
2025-01-24,Logan Hughes,23778,25764
2025-01-21,Shawn Edwards,12618,20180
2025-01-09,Finley Hughes,14345,16769
2025-01-03,Reese Edwards,23308,27576
2025-01-19,Hayden Diaz,22023,25775
2025-01-28,Finley Hughes,14189,18801
2025-01-02,Bailey Campbell,18498,19608
2025-01-29,Shawn Ingram,32107,40264
2025-01-25,Bailey Foster,15567,23149
2025-01-28,Elliot Lewis,19306,26690
2025-01-06,Dakota Adams,17690,22824
2025-01-29,Cameron Garcia,26152,32740
2025-01-18,Micah Baker,15414,20257
2025-01-07,Harper Garcia,17275,20004
2025-01-11,Drew Lewis,13277,19905
2025-01-10,Sage Lewis,15550,23753
2025-01-24,Shawn Ingram,14320,20966
2025-01-25,Kai Diaz,16631,25218
2025-01-18,Cameron Ingram,14202,16227
2025-01-01,Finley Edwards,18805,19672
2025-01-28,Cameron Ingram,26569,34095
2025-01-05,Drew Lewis,17167,20472
2025-01-07,Elliot Adams,15462,17850
2025-01-21,Emerson Johnson,21491,25687
2025-01-05,Hayden Foster,81036,
2025-01-15,Cameron Adams,30834,37881
2025-01-31,Emerson Johnson,15406,19601
2025-01-29,Micah Kim,21032,28212
2025-01-04,Rowan Garcia,13194,18670
2025-01-31,Hayden Garcia,19243,22924
2025-01-30,Micah Edwards,35328,43495
2025-01-14,Alex Hughes,31338,35934
2025-01-29,Sage Foster,14699,21111
2025-01-02,Drew Lewis,16991,23353
2025-01-02,Alex Diaz,13566,16772
2025-01-03,Elliot Kim,19712,23080
2025-01-20,Skyler Edwards,14703,18874
2025-01-30,Bailey Adams,15804,18484
2025-01-05,Jesse Diaz,16542,25291
2025-01-04,Sage Foster,22815,27386
2025-01-25,Alex Campbell,23183,31703
2025-01-07,Shawn Johnson,13959,22776
2025-01-05,Kendall Baker,12950,14048
2025-01-07,Reese Foster,19341,21996
2025-01-15,Drew Edwards,25585,28625
2025-01-27,Cameron Garcia,16021,19526
2025-01-25,Casey Nguyen,65040,71820
2025-01-19,Elliot Lewis,20785,23632
2025-01-13,Payton Ingram,15723,23877
2025-01-03,Reese Edwards,16206,19039
2025-01-02,Quinn Edwards,24314,25688
2025-01-23,Payton Ingram,17078,19428
2025-01-12,Alex Campbell,24737,28469
2025-01-02,Alex Lewis,14426,16908
2025-01-18,Skyler Foster,21067,23521
2025-01-23,Quinn Diaz,28239,29535
2025-01-10,Jamie Martinez,17670,21786
2025-01-30,Sam Foster,25421,31786
2025-01-15,Drew Diaz,13813,17637
2025-01-23,Bailey Hughes,12524,19124
2025-01-19,Kai Diaz,19273,21948
2025-01-06,Finley Hughes,11458,14370
2025-01-02,Cameron Hughes,15510,16458
2025-01-04,Alex Campbell,13961,18208
2025-01-23,Hayden Foster,24879,33280
2025-01-26,Micah Kim,14963,17196
2025-01-02,Payton Lewis,16305,19395
2025-01-31,Bailey Johnson,15521,18387
2025-01-09,Quinn Foster,24450,25213
2025-01-13,Elliot Lewis,21556,27298
2025-01-23,Kai Baker,16217,20846
2025-01-06,Harper Garcia,17692,21897
2025-01-03,Rowan Ingram,14581,20002
2025-01-20,Elliot Kim,33893,36727
2025-01-08,Bailey Campbell,16101,21867
2025-01-15,Carol Williams,,1200
2025-01-30,Reese Garcia,16020,23454
2025-01-14,Kai Baker,35145,43699
2025-01-30,Sam Adams,13693,19700
2025-01-24,Quinn Diaz,21968,28430
2025-01-21,Sage Lewis,12940,14668
2025-01-11,Cameron Garcia,27932,34331
2025-01-05,Payton Adams,20668,22806
2025-01-01,Sam Garcia,21480,24594
2025-01-15,Harper Baker,14869,21816
2025-01-27,Harper Ingram,17922,22684
2025-01-28,Emerson Adams,13620,20998
2025-01-13,Morgan Rivera,65280,71640
2025-01-05,Bailey Foster,17305,24007
2025-01-11,Hayden Ingram,13227,14852
2025-01-25,Taylor Brooks,14506,17383
2025-01-19,Micah Kim,23270,24894
2025-01-20,Emerson Ingram,25915,27921
2025-01-15,Kai Diaz,29092,32480
2025-01-23,Harper Lewis,17100,19801
2025-01-22,Hayden Campbell,23181,30327
2025-01-18,Quinn Diaz,,2299
2025-01-30,Hayden Diaz,24052,30803
2025-01-19,Quinn Edwards,15770,16893
2025-01-10,Drew Edwards,15819,22652
2025-01-09,Drew Ingram,26223,30879
2025-01-29,Skyler Edwards,22614,23918
2025-01-21,Kai Kim,30775,38166
2025-01-15,Payton Ingram,12584,18838
2025-01-23,Micah Baker,15700,22703
2025-01-15,Hayden Foster,27061,32957
2025-01-27,Riley Thompson,24155,30018
2025-01-09,Riley Thompson,13963,18169
2025-01-06,Bailey Campbell,26516,29063
2025-01-26,Sage Adams,16793,23581
2025-01-16,Bailey Campbell,26256,28146
2025-01-14,Reese Foster,13881,16811
2025-01-14,Cameron Hughes,16619,23334
2025-01-06,Cameron Adams,16705,19066
2025-01-06,Micah Kim,25794,33662
2025-01-10,Harper Garcia,24598,33125
2025-01-01,Drew Edwards,18250,23835
2025-01-18,Alex Lewis,15658,17986
2025-01-22,Kendall Johnson,25267,27927
2025-01-18,Sage Lewis,13650,22592
2025-01-06,Reese Adams,23878,27021
2025-01-31,Logan Hughes,27573,35546
2025-01-02,Sage Foster,30890,36175
2025-01-27,Emerson Ingram,81041,
2025-01-05,Emerson Kim,12218,13651
2025-01-21,Emerson Adams,15542,23286
2025-01-12,Alex Hughes,25698,27652
2025-01-01,Sage Garcia,21997,27732
2025-01-11,Finley Baker,26081,33920
2025-01-04,Quinn Campbell,17392,21187
2025-01-02,Sage Baker,15356,23833
2025-01-10,Sage Garcia,25365,26771
2025-01-24,Sage Adams,19794,24683
2025-01-14,Kai Baker,17546,23005
2025-01-19,Logan Hughes,15470,16531
2025-01-29,Emerson Adams,14030,15153
2025-01-16,Quinn Garcia,24386,31889
2025-01-19,Logan Hughes,19498,21805
2025-01-21,Alex Hughes,33058,34587
2025-01-09,Casey Nguyen,25574,26976
2025-01-26,Sam Adams,16723,22865
2025-01-11,Elliot Ingram,20638,24937
2025-01-21,Hayden Diaz,12844,13707
2025-01-13,Hayden Diaz,14427,16563
2025-01-01,Cameron Garcia,11550,20370
2025-01-02,Jesse Edwards,21705,23596
2025-01-25,Kai Baker,15532,17355
2025-01-30,Shawn Lewis,12424,17201
2025-01-14,Sage Baker,16724,21286
2025-01-15,Bailey Edwards,16354,23512
2025-01-16,Kai Baker,27169,29792
2025-01-15,Kai Baker,84731,
2025-01-21,Drew Edwards,21364,28477
2025-01-24,Reese Adams,22057,23021
2025-01-11,Jordan Patel,65040,71820
2025-01-06,Hayden Ingram,23457,24993
2025-01-13,Rowan Garcia,17718,20027
2025-01-29,Reese Foster,28362,33364
2025-01-26,Harper Ingram,16360,19885
2025-01-25,Cameron Garcia,,3818
2025-01-06,Kai Diaz,15628,19730
2025-01-04,Emerson Adams,26079,31729
2025-01-13,Shawn Johnson,11986,12868
2025-01-05,Taylor Brooks,15106,23080
2025-01-02,Sam Foster,15606,16681
2025-01-17,Jesse Edwards,15744,21446
2025-01-09,Sam Garcia,14972,20000
2025-01-16,Hayden Diaz,12607,19039
2025-01-25,Hayden Adams,12722,18973
2025-01-15,Drew Foster,12732,16718
2025-01-10,Finley Edwards,15925,22718
2025-01-25,Quinn Lewis,18227,18978
2025-01-03,Reese Adams,27461,34611
2025-01-10,Bailey Campbell,28460,33678
2025-01-23,Sage Baker,17743,19681
2025-01-22,Harper Ingram,21948,23083
2025-01-16,Reese Baker,23105,26894
2025-01-27,Sage Baker,21698,29545
2025-01-15,Finley Baker,30622,35956
2025-01-19,Rowan Garcia,15081,18642
2025-01-05,Elliot Kim,16071,23088
2025-01-29,Bailey Johnson,14025,19424
2025-01-02,Hayden Adams,15879,19819
2025-01-04,Harper Diaz,12494,20512
2025-01-24,Elliot Adams,14860,20115
2025-01-13,Reese Garcia,12288,19498
2025-01-19,Shawn Edwards,22722,28366
2025-01-07,Emerson Ingram,19018,22154
2025-01-16,Reese Adams,17931,21289
2025-01-20,Micah Edwards,19876,27496
2025-01-10,Bailey Foster,14235,16328
2025-01-18,Micah Baker,84887,
2025-01-14,Hayden Diaz,16324,24005
2025-01-08,Shawn Kim,25642,32178
2025-01-10,Skyler Foster,25996,27428
2025-01-11,Elliot Kim,14740,17567
2025-01-02,Jesse Hughes,15466,20128
2025-01-13,Kai Baker,25335,33821
2025-01-23,Payton Adams,21320,29573
2025-01-03,Elliot Ingram,32057,37532
2025-01-19,Quinn Foster,23845,28361
2025-01-22,Bailey Edwards,14302,19090
2025-01-09,Avery Chen,17255,22950
2025-01-29,Emerson Kim,30359,37798
2025-01-01,Rowan Ingram,80169,
2025-01-21,Kai Diaz,16488,20855
2025-01-12,Jesse Hughes,24373,33208
2025-01-16,Elliot Kim,,3516
2025-01-20,Drew Edwards,13883,16607
2025-01-11,Harper Ingram,14570,19188
2025-01-31,Sage Baker,20203,23154
2025-01-09,Sage Adams,15730,19011
2025-01-11,Jamie Martinez,14660,21682
2025-01-06,Micah Lewis,14508,19709
2025-01-22,Kai Baker,29251,37552
2025-01-28,Sage Foster,15052,20759
2025-01-21,Dakota Adams,17147,22400
2025-01-04,Riley Thompson,26770,33911
2025-01-31,Carol Williams,17958,23663
2025-01-05,Kai Baker,23963,30636
2025-01-04,Reese Edwards,17296,24169
2025-01-29,Elliot Lewis,14419,19807
2025-01-23,Drew Foster,12855,15561
2025-01-01,Alex Diaz,33931,35515
2025-01-29,Reese Edwards,13773,16538
2025-01-24,Kai Campbell,13824,17487
2025-01-05,Logan Garcia,14660,21133
2025-01-29,Jordan Patel,,1894
2025-01-28,Cameron Baker,24534,28607
2025-01-24,Kai Johnson,15332,24324
2025-01-11,Casey Nguyen,20815,28321
2025-01-27,Micah Kim,78497,
2025-01-27,Harper Garcia,13699,21844
2025-01-31,Rowan Ingram,15359,21149
2025-01-18,Logan Garcia,27598,30631
2025-01-22,Drew Ingram,16862,25095
2025-01-24,Skyler Foster,14918,18434
2025-01-04,Rowan Ingram,78286,
2025-01-03,Cameron Ingram,19222,25559
2025-01-11,Logan Hughes,12697,20625
2025-01-08,Finley Hughes,20801,24356
2025-01-11,Finley Hughes,11515,17484
2025-01-16,Quinn Baker,15556,16795
2025-01-25,Elliot Kim,37299,42606
2025-01-14,Payton Ingram,13569,15113
2025-01-19,Hayden Foster,20746,22652
2025-01-17,Logan Campbell,16443,18138
2025-01-15,Parker Adams,30054,33021
2025-01-16,Drew Lewis,15278,22965
2025-01-08,Skyler Edwards,15821,18208
2025-01-04,Payton Ingram,17675,22211
2025-01-16,Bailey Johnson,24644,30882
2025-01-20,Shawn Kim,13539,22166
2025-01-24,Bailey Campbell,16877,21469
2025-01-20,Jordan Patel,15044,21498
2025-01-02,Payton Ingram,33984,41902
2025-01-01,Shawn Lewis,14576,15553
2025-01-27,Kai Hughes,20373,21962
2025-01-04,Finley Baker,22835,27781
2025-01-14,Quinn Lewis,17309,19323
2025-01-11,Emerson Adams,15230,24145
2025-01-09,Jesse Hughes,11870,13545
2025-01-14,Payton Lewis,28758,37602
2025-01-07,Logan Campbell,21392,24071
2025-01-03,Drew Ingram,15700,24524
2025-01-01,Bailey Adams,15230,19192
2025-01-02,Skyler Edwards,17491,19370
2025-01-04,Micah Edwards,12170,16851
2025-01-19,Drew Foster,12925,18551
2025-01-24,Skyler Foster,21023,27768
2025-01-10,Bailey Adams,14580,22814
2025-01-31,Kendall Baker,14812,23244
2025-01-13,Shawn Ingram,14974,20425
2025-01-08,Jesse Hughes,27742,33254
2025-01-03,Harper Baker,16485,24403
2025-01-01,Elliot Adams,14680,22138
2025-01-10,Reese Edwards,13403,21832
2025-01-22,Cameron Adams,35996,43608
2025-01-04,Hayden Campbell,15551,21587
2025-01-07,Jordan Patel,14275,22822
2025-01-08,Reese Foster,23343,31137
2025-01-31,Finley Edwards,21599,27669
2025-01-02,Jamie Martinez,15570,17198
2025-01-13,Bailey Campbell,15111,18682
2025-01-20,Hayden Garcia,16708,18423
2025-01-01,Alex Campbell,18535,23384
2025-01-17,Emerson Foster,25895,27570
2025-01-16,Avery Chen,16388,18939
2025-01-25,Micah Lewis,17002,21634
2025-01-30,Kai Diaz,13261,20445
2025-01-01,Reese Foster,24159,26490
2025-01-11,Kai Hughes,22970,27668
2025-01-08,Cameron Lewis,15189,21141
2025-01-31,Rowan Garcia,14795,19720
2025-01-29,Harper Diaz,16537,24660
2025-01-03,Bailey Garcia,14778,16502
2025-01-10,Alex Lewis,13117,20648
2025-01-14,Taylor Brooks,17600,20530
2025-01-17,Reese Edwards,16115,19275
2025-01-19,Elliot Adams,15597,22879
2025-01-25,Drew Lewis,30397,37228
2025-01-31,Dakota Adams,15286,22059
2025-01-09,Skyler Edwards,14496,18937
2025-01-17,Micah Lewis,15558,22685
2025-01-30,Hayden Ingram,14578,21652
2025-01-14,Drew Foster,23103,31449
2025-01-29,Rowan Ingram,24826,30211
2025-01-30,Hayden Adams,15495,23290
2025-01-08,Drew Ingram,21850,29954
2025-01-04,Parker Adams,19892,27701
2025-01-26,Jamie Martinez,23548,26191
2025-01-31,Hayden Ingram,12516,19694
2025-01-10,Jordan Patel,16605,22033
2025-01-09,Kai Campbell,14752,18384
2025-01-23,Bailey Garcia,15518,19486
2025-01-04,Shawn Ingram,15639,18297
2025-01-20,Logan Diaz,15414,22578
2025-01-12,Emerson Adams,23298,25801
2025-01-29,Payton Ingram,17234,20483
2025-01-25,Micah Kim,13657,15812
2025-01-09,Sage Garcia,,4016
2025-01-20,Jesse Foster,27325,35376
2025-01-14,Elliot Adams,12152,17650
2025-01-09,Sam Adams,20723,23359
2025-01-19,Finley Edwards,18593,21126
2025-01-04,Skyler Edwards,25678,30235
2025-01-03,Jesse Hughes,20901,25444
2025-01-29,Quinn Edwards,12650,15139
2025-01-10,Kai Diaz,26862,30722
2025-01-13,Elliot Kim,23798,31362
2025-01-20,Hayden Adams,12836,17438
2025-01-07,Skyler Edwards,13213,21734
2025-01-26,Micah Baker,21251,25741
2025-01-08,Jesse Campbell,14034,22314
2025-01-31,Kendall Johnson,24200,30127
2025-01-09,Elliot Campbell,16862,22389
2025-01-31,Sage Lewis,11658,18129
2025-01-15,Cameron Ingram,23492,25146
2025-01-10,Harper Baker,18944,26103
2025-01-24,Shawn Lewis,15861,20602
2025-01-15,Quinn Lewis,14173,17463
2025-01-26,Bailey Hughes,15539,21129
2025-01-22,Kai Johnson,13561,19439
2025-01-14,Quinn Garcia,13496,20794
2025-01-13,Sam Garcia,15052,18644
2025-01-13,Sage Garcia,21994,26797
2025-01-04,Kai Hughes,15382,16876
2025-01-01,Micah Edwards,21603,30529
2025-01-14,Payton Baker,33104,36508
2025-01-29,Payton Lewis,16254,23166
2025-01-24,Sage Garcia,21140,27621
2025-01-19,Logan Diaz,26617,31734
2025-01-28,Rowan Garcia,37064,40442
2025-01-24,Jesse Diaz,12910,16378
2025-01-03,Kai Johnson,16560,23231
2025-01-01,Morgan Rivera,14226,18230
2025-01-20,Avery Chen,80717,
2025-01-27,Emerson Kim,18357,20449
2025-01-29,Harper Garcia,24079,26952
2025-01-08,Harper Baker,16506,25339
2025-01-25,Elliot Adams,16861,24670
2025-01-06,Emerson Kim,18721,21402
2025-01-01,Alex Diaz,25495,33271
2025-01-31,Sam Diaz,14579,21348
2025-01-24,Micah Edwards,16455,24500
2025-01-10,Jordan Patel,34640,39409
2025-01-02,Morgan Rivera,16660,22391
2025-01-07,Logan Hughes,14735,22071
2025-01-06,Casey Nguyen,20034,28567
2025-01-20,Shawn Edwards,31435,35550
2025-01-10,Logan Hughes,23807,26122
2025-01-05,Skyler Foster,19769,23161
2025-01-29,Logan Garcia,17200,24728
2025-01-20,Bailey Hughes,31600,32968
2025-01-12,Hayden Ingram,23025,25738
2025-01-08,Reese Adams,17631,20272
2025-01-29,Drew Edwards,21789,30378
2025-01-09,Skyler Foster,13121,19777
2025-01-24,Reese Adams,15549,18590
2025-01-21,Alex Lewis,16344,24998
2025-01-07,Sam Garcia,21999,28844
2025-01-24,Harper Garcia,81804,
2025-01-17,Cameron Adams,20437,24850
2025-01-24,Skyler Edwards,25317,34136
2025-01-24,Kai Kim,14306,21918
2025-01-20,Drew Diaz,17739,22960
2025-01-30,Finley Baker,15508,19274
2025-01-17,Riley Thompson,64800,72000
2025-01-22,Reese Edwards,21043,27533
2025-01-22,Jesse Hughes,16422,21083
2025-01-29,Alex Diaz,17073,24460
2025-01-13,Sage Garcia,13964,20549
2025-01-14,Finley Edwards,13070,21838
2025-01-25,Drew Diaz,13990,16513
2025-01-05,Harper Diaz,19632,28009
2025-01-15,Micah Edwards,19284,23257
2025-01-29,Drew Edwards,13263,17839
2025-01-24,Payton Adams,20401,25216
2025-01-30,Kai Campbell,24934,27855
2025-01-12,Logan Campbell,25903,27036
2025-01-01,Sam Garcia,14359,18182
2025-01-08,Logan Hughes,15181,20462
2025-01-18,Drew Edwards,22862,31295
2025-01-16,Bailey Foster,15786,21459
2025-01-19,Taylor Brooks,23007,29531
2025-01-25,Quinn Campbell,13374,14369
2025-01-10,Jesse Edwards,,8544
2025-01-05,Sage Garcia,15400,16756
2025-01-09,Logan Campbell,11871,16399
2025-01-13,Logan Diaz,16697,24355
2025-01-01,Emerson Kim,16469,25235
2025-01-28,Cameron Hughes,19687,20689
2025-01-28,Bailey Hughes,17991,23120
2025-01-02,Sam Garcia,22983,27983
2025-01-18,Sage Garcia,11622,15166
2025-01-27,Jesse Campbell,26119,28185
2025-01-05,Jesse Kim,28245,29347
2025-01-24,Cameron Lewis,14417,17424
2025-01-25,Kendall Baker,14708,15579
2025-01-06,Cameron Garcia,25003,28432
2025-01-10,Emerson Kim,14611,22258
2025-01-21,Cameron Baker,23781,29693
2025-01-04,Casey Nguyen,21147,28148
2025-01-09,Emerson Foster,23408,26532
2025-01-16,Quinn Diaz,16783,24599
2025-01-10,Micah Johnson,17590,19317
2025-01-23,Micah Kim,12865,21509
2025-01-02,Reese Foster,20901,23240
2025-01-21,Reese Adams,11961,18208
2025-01-25,Sage Adams,13765,22531
2025-01-15,Bailey Johnson,14546,20509
2025-01-16,Logan Campbell,13920,15861
2025-01-30,Shawn Ingram,19389,21019
2025-01-27,Taylor Brooks,25911,32709
2025-01-02,Jordan Patel,23237,30095
2025-01-06,Elliot Lewis,15388,22950
2025-01-08,Jesse Edwards,27937,36804
2025-01-30,Rowan Edwards,17230,23236
2025-01-23,Bailey Hughes,21401,22526
2025-01-25,Sam Garcia,15506,24242
2025-01-07,Kendall Baker,26627,35602
2025-01-11,Shawn Kim,81504,
2025-01-21,Quinn Diaz,14665,22949
2025-01-19,Cameron Garcia,14052,15339
2025-01-02,Jamie Martinez,19854,26000
2025-01-02,Hayden Foster,24315,29682
2025-01-12,Riley Thompson,84806,
2025-01-05,Kai Baker,16487,21480
2025-01-20,Shawn Ingram,32829,35768
2025-01-16,Reese Adams,28927,34824
2025-01-27,Cameron Adams,22443,28106
2025-01-23,Reese Adams,15549,20565
2025-01-10,Hayden Foster,16651,24258
2025-01-14,Logan Garcia,,3814
2025-01-02,Elliot Ingram,14406,21621
2025-01-15,Harper Diaz,19169,25230
2025-01-07,Kai Campbell,17263,23848
2025-01-04,Shawn Edwards,34504,35754
2025-01-21,Dakota Adams,26407,32121
2025-01-11,Kendall Baker,16030,20796
2025-01-01,Cameron Ingram,15822,23071
2025-01-21,Micah Johnson,19180,23851
2025-01-01,Reese Garcia,15703,20420
2025-01-07,Drew Diaz,24126,32156
2025-01-05,Emerson Foster,19778,24319
2025-01-22,Kai Baker,16681,25004
2025-01-26,Quinn Edwards,13688,16706
2025-01-11,Reese Adams,16238,18104
2025-01-06,Micah Edwards,14238,16081
2025-01-13,Sam Garcia,22891,26276
2025-01-02,Bailey Adams,25457,28731
2025-01-03,Casey Nguyen,16163,18738
2025-01-16,Rowan Edwards,29707,36899
2025-01-18,Parker Garcia,16179,20179
2025-01-25,Hayden Garcia,14324,17510
2025-01-29,Emerson Foster,12695,17802
2025-01-01,Harper Garcia,25957,32031
2025-01-02,Bailey Adams,18649,24166
2025-01-30,Riley Thompson,15212,16546
2025-01-29,Hayden Adams,32085,37281
2025-01-30,Elliot Kim,25629,33697
2025-01-29,Micah Adams,14101,18813
2025-01-08,Drew Foster,17457,20608
2025-01-29,Kai Diaz,17399,22380
2025-01-23,Drew Edwards,31163,37142
2025-01-01,Shawn Johnson,19689,20468
2025-01-11,Reese Baker,18883,23469
2025-01-02,Hayden Diaz,13480,17848
2025-01-05,Skyler Edwards,14509,21961
2025-01-09,Finley Baker,15279,21695
2025-01-01,Skyler Edwards,77384,
2025-01-23,Kendall Johnson,21014,27415
2025-01-27,Emerson Foster,24128,25330
2025-01-28,Jordan Patel,15308,23946
2025-01-25,Micah Adams,24288,32175
2025-01-13,Alex Hughes,21386,28802
2025-01-21,Bailey Hughes,24435,25981
2025-01-12,Sage Garcia,22562,30329
2025-01-19,Micah Kim,14708,20552
2025-01-26,Hayden Adams,31299,38744
2025-01-14,Hayden Adams,12755,18441
2025-01-13,Harper Diaz,19352,28053
2025-01-08,Shawn Ingram,,2698
2025-01-16,Skyler Foster,19423,24108
2025-01-30,Reese Foster,15230,21007
2025-01-15,Micah Baker,20247,28883
2025-01-19,Morgan Rivera,13806,22473
2025-01-24,Hayden Diaz,13653,20529
2025-01-16,Quinn Campbell,14000,16506
2025-01-14,Elliot Campbell,22169,26226
2025-01-06,Hayden Adams,17266,18906
2025-01-04,Bailey Johnson,24602,27194
2025-01-29,Emerson Adams,22863,25598
2025-01-14,Shawn Lewis,14994,19642
2025-01-24,Skyler Edwards,15212,22572
2025-01-10,Kendall Baker,14185,15008
2025-01-22,Kai Hughes,25550,30981
2025-01-23,Cameron Ingram,20063,27489
2025-01-15,Shawn Edwards,25823,30074
2025-01-03,Sage Foster,28675,33625
2025-01-18,Micah Edwards,14208,16302
2025-01-17,Bailey Foster,22106,24406
2025-01-12,Kai Kim,16824,25049
2025-01-15,Micah Johnson,15922,18756
2025-01-25,Logan Campbell,18365,25056
2025-01-11,Kai Campbell,16181,20238
2025-01-17,Quinn Diaz,30744,33250
2025-01-07,Sage Baker,17939,24008
2025-01-24,Elliot Ingram,14549,22843
2025-01-25,Jesse Edwards,17836,21058
2025-01-22,Alex Campbell,17494,20071
2025-01-18,Reese Foster,14406,18325
2025-01-08,Quinn Lewis,12782,17589
2025-01-25,Emerson Johnson,15066,24047
2025-01-16,Kai Kim,18463,22881
2025-01-10,Sam Garcia,20525,26697
2025-01-22,Reese Garcia,24109,26569
2025-01-27,Shawn Ingram,26555,30682
2025-01-06,Finley Edwards,24970,30081
2025-01-30,Reese Baker,23293,31655
2025-01-21,Shawn Edwards,33460,35181
2025-01-20,Elliot Adams,25907,34135
2025-01-14,Drew Lewis,15551,19017
2025-01-05,Quinn Garcia,12499,18909
2025-01-15,Micah Lewis,16524,24955
2025-01-26,Cameron Adams,13355,20635
2025-01-20,Sam Adams,22341,24076
2025-01-22,Quinn Foster,23510,25104
2025-01-09,Cameron Ingram,15046,21923
2025-01-25,Alex Hughes,14639,17049
2025-01-01,Shawn Edwards,18404,25880
2025-01-20,Sage Foster,14890,16537
2025-01-01,Hayden Foster,14158,23101
2025-01-15,Cameron Hughes,19637,24424
2025-01-22,Riley Thompson,11881,16802
2025-01-18,Cameron Garcia,15472,23727
2025-01-04,Emerson Foster,14709,21524
2025-01-31,Taylor Brooks,23612,26685
2025-01-22,Alex Campbell,34848,43774
2025-01-10,Emerson Foster,15098,16063
2025-01-27,Harper Lewis,23528,29038
2025-01-25,Kai Johnson,25758,28514
2025-01-08,Sam Diaz,16200,22982
2025-01-27,Elliot Lewis,28726,29768
2025-01-21,Sam Garcia,15719,22875
2025-01-12,Avery Chen,25641,30012
2025-01-20,Shawn Lewis,13875,18031
2025-01-18,Jesse Diaz,16580,22026
2025-01-06,Cameron Adams,21440,28306
2025-01-06,Sam Foster,20914,25474
2025-01-08,Alex Campbell,13561,19252
2025-01-20,Shawn Ingram,21336,30274
2025-01-08,Reese Baker,27223,35327
2025-01-29,Alex Lewis,15173,19433
2025-01-13,Cameron Adams,12801,20551
2025-01-18,Kai Hughes,,8349
2025-01-25,Elliot Garcia,14976,19275
2025-01-28,Bailey Campbell,13613,21715
2025-01-31,Kai Johnson,27040,30284
2025-01-22,Micah Lewis,20624,23709
2025-01-11,Jordan Patel,65280,71640
2025-01-30,Casey Nguyen,17183,19893
2025-01-01,Sage Foster,16166,17558
2025-01-14,Kai Diaz,33548,41963
2025-01-21,Quinn Lewis,14945,16648
2025-01-14,Shawn Edwards,19376,27243
2025-01-31,Jesse Hughes,14667,23046
2025-01-19,Kendall Johnson,13749,15664
2025-01-16,Finley Baker,13109,16647
2025-01-29,Skyler Campbell,16930,24870
2025-01-28,Rowan Ingram,12104,13980
2025-01-30,Parker Edwards,29532,38366
2025-01-20,Bailey Johnson,29313,33742
2025-01-15,Emerson Kim,24739,28914
2025-01-14,Kai Diaz,15754,23337
2025-01-22,Reese Garcia,12549,20894
2025-01-22,Shawn Kim,14059,16996
2025-01-07,Logan Diaz,16558,20441
2025-01-27,Finley Hughes,23328,24630
2025-01-06,Hayden Garcia,14454,22959
2025-01-25,Cameron Hughes,23023,24754
2025-01-22,Shawn Johnson,13669,14906
2025-01-31,Hayden Campbell,22512,25343
2025-01-23,Finley Baker,24642,30409
2025-01-14,Alex Campbell,14726,18091
2025-01-13,Reese Baker,22721,25665
2025-01-15,Sage Baker,15576,17723
2025-01-10,Logan Campbell,21942,24951
2025-01-06,Hayden Diaz,16438,19785
2025-01-29,Micah Kim,14240,16889
2025-01-01,Jesse Kim,15761,16847
2025-01-16,Kai Campbell,17878,19570
2025-01-12,Shawn Edwards,11396,18208
2025-01-17,Parker Edwards,14937,23272
2025-01-21,Hayden Campbell,16535,24722
2025-01-14,Emerson Adams,16640,20894
2025-01-15,Kai Kim,24442,27780
2025-01-06,Finley Hughes,22323,31282
2025-01-11,Bailey Edwards,14991,17800
2025-01-04,Reese Adams,18484,20452
2025-01-28,Parker Adams,18501,21531
2025-01-03,Bailey Adams,21573,28787
2025-01-09,Bailey Hughes,15236,18153
2025-01-11,Cameron Lewis,20754,23363
2025-01-28,Cameron Garcia,14966,22801
2025-01-06,Parker Adams,16962,22900
2025-01-08,Cameron Adams,30282,39274
2025-01-05,Rowan Edwards,18092,23527
2025-01-17,Micah Edwards,16143,17068
2025-01-04,Jamie Martinez,26059,35053
2025-01-04,Kai Kim,21779,28270
2025-01-01,Bailey Foster,26196,32083
2025-01-08,Alex Diaz,25669,34587
2025-01-05,Reese Edwards,15953,24119
2025-01-17,Kai Hughes,83757,
2025-01-20,Alex Diaz,14942,23519
2025-01-25,Hayden Diaz,13947,19787
2025-01-04,Sam Garcia,13927,17269
2025-01-05,Kai Diaz,17282,25929
2025-01-30,Emerson Johnson,15657,23523
2025-01-29,Emerson Kim,25556,27821
2025-01-04,Drew Diaz,13181,16225
2025-01-12,Taylor Brooks,14721,18687
2025-01-22,Hayden Adams,24463,29382
2025-01-31,Hayden Garcia,14894,18113
2025-01-02,Shawn Ingram,19104,22525
2025-01-04,Reese Edwards,25353,31509
2025-01-27,Parker Adams,23382,29045
2025-01-06,Quinn Campbell,16547,19845
2025-01-16,Skyler Foster,16032,16817
2025-01-06,Harper Diaz,18086,20746
2025-01-28,Kai Johnson,12499,14035
2025-01-11,Elliot Ingram,15298,17642
2025-01-31,Alex Campbell,15536,21200
2025-01-13,Drew Foster,16147,24505
2025-01-21,Shawn Ingram,16694,24647
2025-01-11,Skyler Campbell,21197,29954
2025-01-19,Emerson Johnson,23486,26409
2025-01-16,Quinn Lewis,15305,16341
2025-01-12,Harper Baker,24289,26611
2025-01-14,Sage Garcia,14874,22647
2025-01-10,Harper Diaz,16907,22404
2025-01-19,Payton Adams,13859,19101
2025-01-19,Kai Baker,17119,25530
2025-01-20,Cameron Ingram,17906,24352
2025-01-24,Parker Garcia,14625,16935
2025-01-16,Logan Hughes,16952,22649
2025-01-25,Sage Garcia,27498,31114
2025-01-25,Quinn Foster,15693,23948
2025-01-20,Rowan Ingram,17396,21742
2025-01-05,Quinn Baker,24978,33954
2025-01-25,Logan Garcia,28953,34395
2025-01-19,Drew Lewis,17138,18962
2025-01-25,Sage Lewis,13481,16441
2025-01-08,Kai Johnson,15066,21946
2025-01-13,Harper Lewis,22613,29859
2025-01-12,Jesse Kim,18356,22266
2025-01-11,Quinn Foster,13580,16613
2025-01-06,Kai Diaz,22097,28517
2025-01-26,Shawn Kim,15203,23058
2025-01-16,Alex Campbell,16826,18300
2025-01-10,Cameron Ingram,26362,29363
2025-01-24,Shawn Johnson,14235,20599
2025-01-18,Quinn Baker,19388,26561
2025-01-15,Jesse Campbell,15503,24419
2025-01-25,Drew Lewis,26276,29410
2025-01-09,Quinn Baker,14992,19785
2025-01-24,Shawn Edwards,14809,19261
2025-01-17,Shawn Ingram,16824,21896
2025-01-07,Quinn Diaz,16669,23595
2025-01-03,Logan Diaz,14364,19901
2025-01-17,Quinn Diaz,15734,19269
2025-01-10,Cameron Hughes,14989,19946
2025-01-23,Alex Diaz,15510,19574
2025-01-30,Cameron Adams,14230,16824
2025-01-18,Alex Campbell,25982,32740
2025-01-27,Kendall Johnson,19385,26655
2025-01-07,Quinn Foster,11614,13695
2025-01-23,Shawn Ingram,17201,24235
2025-01-12,Payton Adams,16227,24057
2025-01-08,Quinn Edwards,18236,19127
2025-01-17,Elliot Ingram,15072,17085
2025-01-08,Shawn Ingram,18458,23039
2025-01-07,Payton Ingram,22513,26125
2025-01-17,Micah Lewis,23358,29550
2025-01-13,Alex Diaz,17938,24757
2025-01-17,Cameron Lewis,26202,28887
2025-01-09,Quinn Garcia,15723,21326
2025-01-08,Sage Adams,17496,22827
2025-01-21,Rowan Edwards,16499,24663
2025-01-23,Harper Ingram,14793,22128
2025-01-21,Kai Campbell,20714,24189
2025-01-16,Alex Lewis,16610,21916
2025-01-25,Cameron Garcia,15802,19165
2025-01-31,Bailey Hughes,22255,24730
2025-01-10,Bailey Edwards,15360,16435
2025-01-08,Emerson Ingram,39078,47805
2025-01-17,Jesse Hughes,18217,27057
2025-01-22,Micah Johnson,14458,18752
2025-01-09,Quinn Garcia,22234,29667
2025-01-29,Elliot Adams,28090,36725
2025-01-27,Micah Lewis,20837,22797
2025-01-12,Cameron Baker,24874,28231
2025-01-22,Cameron Garcia,14005,19235
2025-01-07,Rowan Garcia,22257,28630
2025-01-22,Finley Edwards,30462,35884
2025-01-06,Skyler Campbell,29157,33479
2025-01-06,Taylor Brooks,27360,30199
2025-01-14,Rowan Edwards,,4151
2025-01-25,Shawn Ingram,15070,17286
2025-01-04,Jordan Patel,27892,32281
2025-01-11,Drew Foster,18681,23675
2025-01-13,Sam Foster,13781,20024
2025-01-24,Alex Diaz,28300,31944
2025-01-26,Harper Garcia,13206,16815
2025-01-12,Jesse Hughes,17276,23944
2025-01-18,Payton Ingram,16255,23144
2025-01-29,Skyler Foster,15325,21603
2025-01-22,Skyler Edwards,14613,22826
2025-01-11,Cameron Garcia,16568,23986
2025-01-22,Harper Baker,29089,38062
2025-01-08,Logan Campbell,21495,24369
2025-01-28,Quinn Foster,33206,35681
2025-01-28,Cameron Adams,26608,35438
2025-01-05,Elliot Garcia,13992,20552
2025-01-02,Harper Garcia,14259,21513
2025-01-27,Quinn Edwards,16588,20064
2025-01-23,Drew Diaz,22584,23926
2025-01-06,Sam Diaz,12744,15054
2025-01-06,Sam Foster,14763,18729
2025-01-05,Reese Baker,18705,23721
2025-01-10,Elliot Adams,20225,25201
2025-01-23,Quinn Edwards,18388,22316
2025-01-15,Quinn Foster,14375,19349
2025-01-31,Hayden Foster,12644,20929
2025-01-07,Rowan Garcia,31870,38149
2025-01-09,Morgan Rivera,26982,30394
2025-01-18,Elliot Garcia,14255,18307
2025-01-29,Sage Garcia,15080,16003
2025-01-14,Bailey Edwards,24078,31264
2025-01-22,Skyler Campbell,15270,22183
2025-01-06,Sam Adams,21138,23830
2025-01-29,Drew Foster,13917,21750
2025-01-18,Kendall Baker,21637,27736
2025-01-26,Quinn Baker,28248,29972
2025-01-19,Hayden Garcia,24270,27723
2025-01-27,Reese Baker,24470,31090
2025-01-04,Kai Baker,17794,21230
2025-01-10,Drew Diaz,12165,13982
2025-01-15,Skyler Edwards,13359,14763
2025-01-12,Elliot Campbell,14108,19893
2025-01-27,Sage Garcia,13834,18522
2025-01-04,Logan Campbell,20752,23451
2025-01-24,Kai Baker,12153,13020
2025-01-30,Sam Diaz,13183,14387
2025-01-08,Cameron Ingram,24065,30712
2025-01-01,Jesse Campbell,22204,30020
2025-01-29,Emerson Foster,33284,41682
2025-01-02,Elliot Adams,35753,41577
2025-01-21,Skyler Baker,16738,21759
2025-01-10,Shawn Johnson,22638,28787
2025-01-19,Drew Diaz,14252,17064
2025-01-06,Quinn Baker,16564,24996
2025-01-10,Jesse Hughes,26406,27737
2025-01-15,Shawn Lewis,23992,28121
2025-01-03,Jamie Martinez,12652,14365
2025-01-27,Jesse Campbell,19142,24475
2025-01-10,Harper Baker,11645,12736
2025-01-12,Logan Campbell,14353,18067
2025-01-14,Micah Edwards,15305,21021
2025-01-31,Emerson Adams,18163,19621
2025-01-12,Jesse Diaz,18324,22277
2025-01-31,Sam Adams,15358,21703
2025-01-12,Alex Campbell,21524,23953
2025-01-02,Parker Edwards,23110,32110
2025-01-14,Logan Campbell,28617,29809
2025-01-11,Reese Edwards,14754,17385
2025-01-28,Quinn Diaz,15006,23397
2025-01-26,Sage Garcia,14179,22745
2025-01-30,Micah Edwards,22345,31019
2025-01-19,Sam Garcia,16322,20591
2025-01-26,Hayden Garcia,15048,16454
2025-01-28,Kai Baker,12981,18865
2025-01-04,Sage Adams,20177,22739
2025-01-22,Taylor Brooks,64800,72000
2025-01-04,Riley Thompson,15740,23852
2025-01-16,Quinn Garcia,16420,22885
2025-01-19,Jesse Kim,22302,30071
2025-01-06,Payton Baker,31038,38667
2025-01-03,Kendall Baker,13508,15505
2025-01-21,Morgan Rivera,13712,17997
2025-01-03,Alex Hughes,26378,31617
2025-01-30,Logan Hughes,13791,20910
2025-01-21,Quinn Lewis,19155,27564
2025-01-13,Harper Garcia,30520,33072
2025-01-05,Payton Lewis,18151,20339
2025-01-11,Shawn Lewis,79194,
2025-01-31,Drew Diaz,18082,27053
2025-01-02,Sam Adams,16817,23674
2025-01-17,Payton Lewis,20326,26826
2025-01-28,Reese Garcia,21745,28393
2025-01-12,Shawn Lewis,22773,25430
2025-01-10,Jesse Edwards,22776,31548
2025-01-31,Drew Lewis,12849,16815
2025-01-20,Cameron Ingram,25933,30017
2025-01-08,Quinn Baker,30376,36248
2025-01-17,Sage Baker,26751,29452
2025-01-22,Kai Diaz,13063,19721
2025-01-01,Kai Johnson,14100,15235
2025-01-14,Jesse Diaz,24120,30574
2025-01-13,Reese Foster,17315,19708
2025-01-08,Bailey Foster,17708,23622
2025-01-05,Harper Baker,21020,28999
2025-01-06,Bailey Hughes,14888,20522
2025-01-22,Jesse Hughes,23320,32163
2025-01-18,Riley Thompson,17181,18315
2025-01-01,Reese Baker,13228,14961
2025-01-14,Alex Campbell,19271,21269
2025-01-13,Logan Campbell,15595,18202
2025-01-08,Sam Foster,22537,30965
2025-01-31,Elliot Adams,24465,30574
2025-01-23,Rowan Garcia,12972,14381
2025-01-10,Kai Johnson,15617,18340
2025-01-06,Kendall Johnson,24565,28865
2025-01-24,Bailey Adams,15783,23392
2025-01-31,Payton Lewis,16659,20382
2025-01-15,Morgan Rivera,21496,25827
2025-01-18,Micah Adams,30963,32392
2025-01-19,Sam Adams,13447,17109
2025-01-07,Alex Hughes,23976,32221
2025-01-22,Kendall Baker,26256,30314
2025-01-05,Drew Ingram,27405,31150
2025-01-03,Cameron Baker,23411,26584
2025-01-04,Bailey Johnson,14547,16733
2025-01-13,Reese Edwards,21414,30026
2025-01-27,Harper Diaz,78252,
2025-01-03,Emerson Foster,15549,18917
2025-01-30,Sam Adams,22083,29035
2025-01-04,Sage Foster,30149,35584
2025-01-17,Kai Johnson,,1398
2025-01-05,Skyler Campbell,16023,18213
2025-01-30,Emerson Kim,15042,19290
2025-01-17,Shawn Edwards,15373,16884
2025-01-28,Alex Diaz,23581,30074
2025-01-04,Sam Foster,16994,20037
2025-01-14,Carol Williams,13359,15607
2025-01-26,Kendall Baker,13191,14087
2025-01-27,Rowan Edwards,26719,27831
2025-01-05,Sage Lewis,20165,27975
2025-01-25,Skyler Baker,16898,25761
2025-01-27,Parker Garcia,18179,26982
2025-01-11,Emerson Kim,15865,24864
2025-01-24,Reese Foster,13648,14497
2025-01-08,Finley Baker,13737,20809
2025-01-22,Quinn Foster,14594,21248
2025-01-29,Cameron Baker,15400,21970
2025-01-01,Finley Baker,21649,27794
2025-01-11,Harper Garcia,27531,34981
2025-01-13,Sage Baker,27519,30551
2025-01-03,Alex Campbell,23343,31915
2025-01-19,Drew Edwards,14997,17744
2025-01-10,Quinn Baker,12897,14007
2025-01-29,Finley Hughes,17807,24363
2025-01-27,Quinn Lewis,14758,23083
2025-01-25,Bailey Campbell,15363,22705
2025-01-30,Skyler Baker,24951,27707
2025-01-07,Shawn Edwards,14926,16510
2025-01-13,Quinn Campbell,19294,23930
2025-01-03,Bailey Garcia,19714,22891
2025-01-18,Micah Baker,22710,25527
2025-01-20,Emerson Foster,21068,29086
2025-01-27,Jamie Martinez,17795,24707
2025-01-27,Skyler Edwards,30107,35365
2025-01-26,Finley Edwards,16381,18580
2025-01-13,Quinn Lewis,15856,18269
2025-01-08,Shawn Johnson,12560,13363
2025-01-19,Drew Lewis,19300,21908
2025-01-30,Skyler Campbell,13289,18523
2025-01-04,Jesse Diaz,32656,36867
2025-01-02,Shawn Edwards,21124,28402
2025-01-03,Rowan Edwards,23635,27472
2025-01-14,Sage Adams,15296,20138
2025-01-13,Jordan Patel,22295,30101
2025-01-29,Jesse Diaz,13333,18414
2025-01-12,Finley Edwards,13386,15906
2025-01-10,Reese Adams,16523,20081
2025-01-30,Bailey Campbell,19690,26510
2025-01-19,Bailey Garcia,16443,22606
2025-01-08,Quinn Garcia,14669,17848
2025-01-02,Finley Hughes,25273,27336
2025-01-07,Harper Diaz,14652,20891
2025-01-23,Payton Lewis,15449,17220
2025-01-22,Kai Campbell,13155,15364
2025-01-17,Reese Baker,24644,27780
2025-01-27,Bailey Hughes,21287,25407
2025-01-05,Payton Lewis,12569,14865
2025-01-26,Sage Lewis,15254,23842
2025-01-08,Jesse Edwards,23601,26222
2025-01-04,Jesse Diaz,16879,21856
2025-01-22,Sam Foster,20307,27519
2025-01-16,Kai Johnson,13426,16970
2025-01-20,Dakota Adams,16266,19205
2025-01-26,Finley Hughes,20029,25503
2025-01-24,Bailey Hughes,13666,20537
2025-01-09,Drew Ingram,22306,25102
2025-01-01,Finley Hughes,13182,20395
2025-01-21,Reese Baker,15250,22100
2025-01-19,Sam Foster,12439,19341
2025-01-02,Taylor Brooks,33007,38873
2025-01-09,Sam Adams,16418,18984
2025-01-13,Finley Baker,12919,21011
2025-01-09,Cameron Ingram,25007,32994
2025-01-06,Jesse Hughes,12354,20651
2025-01-16,Emerson Foster,15500,21070
2025-01-02,Sage Foster,20579,27098
2025-01-08,Logan Campbell,78093,
2025-01-15,Alex Campbell,15704,18009
2025-01-27,Alex Lewis,15842,24366
2025-01-03,Drew Edwards,,5215
2025-01-27,Kai Kim,14036,18527
2025-01-06,Bailey Garcia,19068,20675
2025-01-30,Hayden Foster,27029,31995
2025-01-24,Quinn Edwards,13983,21599
2025-01-14,Parker Adams,12431,13331
2025-01-09,Harper Lewis,24272,29681
2025-01-22,Logan Diaz,13077,17293
2025-01-10,Micah Edwards,20074,22278
2025-01-13,Alex Hughes,16080,18408
2025-01-09,Bailey Edwards,22305,28612
2025-01-02,Payton Adams,28228,31362
2025-01-09,Rowan Edwards,38652,42967
2025-01-12,Hayden Campbell,12154,14812
2025-01-21,Emerson Kim,31877,33154
2025-01-29,Shawn Kim,14953,16991
2025-01-26,Drew Ingram,15867,20051
2025-01-11,Cameron Ingram,13322,18956
2025-01-18,Skyler Campbell,23232,31880
2025-01-01,Payton Ingram,14666,21962
2025-01-21,Hayden Adams,15716,18085
2025-01-07,Payton Ingram,28747,37692
2025-01-21,Shawn Lewis,15748,22198
2025-01-15,Micah Adams,26804,32200
2025-01-17,Drew Lewis,20653,23367
2025-01-27,Emerson Adams,14314,21513
2025-01-25,Drew Ingram,18384,21535
2025-01-21,Logan Garcia,38984,43010
2025-01-13,Taylor Brooks,26407,28355
2025-01-18,Reese Garcia,15294,21206
2025-01-25,Elliot Lewis,17901,19327
2025-01-11,Hayden Garcia,28998,30292
2025-01-13,Shawn Kim,23804,31228
2025-01-21,Cameron Baker,12907,20373
2025-01-24,Quinn Edwards,23451,24417
2025-01-04,Emerson Foster,25505,27540
2025-01-13,Bailey Johnson,20767,25811
2025-01-30,Kendall Baker,16279,19839
2025-01-27,Kendall Baker,25541,34457
2025-01-07,Harper Baker,13007,15215
2025-01-06,Bailey Garcia,12462,18046
2025-01-06,Finley Baker,16822,25000
2025-01-25,Rowan Ingram,23924,25623
2025-01-07,Shawn Kim,12322,17966
2025-01-06,Jesse Foster,23203,30980
2025-01-03,Kendall Johnson,19577,21201
2025-01-18,Quinn Lewis,20260,21071
2025-01-28,Quinn Garcia,24689,26699
2025-01-24,Harper Baker,29182,35783
2025-01-29,Quinn Garcia,33002,40714
2025-01-20,Jesse Campbell,12641,18494
2025-01-18,Skyler Foster,14498,20470
2025-01-04,Micah Baker,15375,23125
2025-01-06,Drew Lewis,13130,16354
2025-01-11,Quinn Garcia,29078,35560
2025-01-02,Shawn Johnson,14284,18597
2025-01-23,Elliot Adams,14368,15213
2025-01-08,Drew Lewis,29360,35376
2025-01-02,Drew Foster,24261,27236
2025-01-14,Quinn Lewis,30709,35727
2025-01-30,Drew Foster,17437,26266
2025-01-05,Riley Thompson,15609,24349
2025-01-07,Quinn Lewis,17458,22764
2025-01-01,Skyler Baker,27358,29012
2025-01-05,Avery Chen,23611,27087
2025-01-06,Harper Ingram,13422,17531
2025-01-22,Cameron Garcia,20201,22230
2025-01-07,Kai Diaz,16542,18629
2025-01-06,Jordan Patel,13900,19539
2025-01-30,Dakota Adams,12249,12984
2025-01-05,Skyler Baker,34181,37612
2025-01-09,Payton Ingram,21923,26947
2025-01-16,Micah Kim,16376,17578
2025-01-15,Dakota Adams,19143,27986
2025-01-17,Alex Campbell,26349,28021
2025-01-07,Kai Kim,11954,16829
2025-01-11,Reese Garcia,21341,26705
2025-01-15,Quinn Garcia,14603,16863
2025-01-17,Reese Edwards,12865,14915
2025-01-10,Hayden Adams,13917,21451
2025-01-20,Harper Lewis,23861,30880
2025-01-20,Payton Adams,16384,21644
2025-01-19,Hayden Diaz,16373,18796
2025-01-11,Hayden Campbell,15609,22549
2025-01-19,Micah Lewis,15769,23292
2025-01-30,Emerson Kim,20572,27751
2025-01-07,Harper Lewis,13583,20861
2025-01-02,Jesse Campbell,23832,28295
2025-01-18,Jesse Foster,12514,14634
2025-01-02,Kai Kim,13822,15559
2025-01-22,Finley Edwards,19241,27077
2025-01-06,Parker Edwards,13315,22055
2025-01-23,Taylor Brooks,14518,22993
2025-01-25,Quinn Garcia,24132,29602
2025-01-12,Parker Garcia,15298,21151
2025-01-07,Cameron Baker,25362,34304
2025-01-30,Reese Foster,23533,25105
2025-01-04,Avery Chen,13143,16154
2025-01-08,Micah Kim,24979,28975
2025-01-11,Kai Campbell,24020,24768
2025-01-29,Drew Ingram,18982,26911
2025-01-03,Skyler Foster,82311,
2025-01-17,Carol Williams,16191,24069
2025-01-25,Dakota Adams,22287,24902
2025-01-03,Cameron Baker,19947,22918
2025-01-16,Parker Edwards,17567,22743
2025-01-31,Cameron Adams,12659,20641
2025-01-07,Elliot Kim,16267,17785
2025-01-27,Kai Campbell,13712,17788
2025-01-11,Micah Adams,19938,25164
2025-01-28,Finley Baker,14259,16610
2025-01-14,Micah Baker,14024,17166
2025-01-28,Riley Thompson,25319,29259
2025-01-26,Taylor Brooks,80764,
2025-01-05,Jordan Patel,18571,25946
2025-01-09,Sage Garcia,13347,14735
2025-01-01,Elliot Garcia,13909,20948
2025-01-27,Alex Hughes,13492,17145
2025-01-11,Sage Baker,16082,18797
2025-01-12,Quinn Lewis,20777,27361
2025-01-03,Sage Garcia,17413,18951
2025-01-08,Shawn Johnson,15298,21796
2025-01-09,Sam Diaz,12857,14317
2025-01-05,Bailey Garcia,18916,23729
2025-01-22,Taylor Brooks,65520,71460
2025-01-23,Drew Lewis,20875,26172
2025-01-26,Bailey Edwards,13850,21416
2025-01-23,Cameron Baker,15405,18756
2025-01-08,Quinn Foster,12242,19248
2025-01-10,Micah Lewis,17689,22582
2025-01-15,Payton Adams,21046,22135
2025-01-19,Jesse Diaz,23267,25825
2025-01-11,Parker Garcia,15318,16217
2025-01-21,Parker Adams,13429,20401
2025-01-12,Cameron Adams,17840,25818
2025-01-30,Taylor Brooks,14243,19855
2025-01-03,Quinn Diaz,13375,14101
2025-01-06,Parker Garcia,17624,22321
2025-01-15,Jesse Diaz,15663,22365
2025-01-21,Kai Baker,20932,28578
2025-01-12,Micah Edwards,13998,16091
2025-01-12,Elliot Lewis,16797,20140
2025-01-01,Finley Baker,14899,21320
2025-01-30,Micah Adams,20053,28883
2025-01-12,Micah Lewis,14054,18046
2025-01-10,Jesse Diaz,22742,29709
2025-01-18,Hayden Campbell,15312,16672
2025-01-01,Reese Edwards,17334,18350
2025-01-29,Hayden Adams,20960,29019
2025-01-21,Hayden Foster,24801,32117
2025-01-04,Reese Garcia,19890,28516
2025-01-21,Hayden Garcia,14723,19645
2025-01-15,Skyler Campbell,14095,22174
2025-01-03,Harper Lewis,,7349
2025-01-06,Shawn Johnson,26069,32185
2025-01-11,Sage Baker,21423,28713
2025-01-05,Riley Thompson,28839,35622
2025-01-25,Reese Baker,27986,31872
2025-01-14,Quinn Diaz,23230,25419
2025-01-14,Harper Lewis,16422,18070
2025-01-27,Sam Diaz,21126,22782
2025-01-03,Finley Baker,12704,20466
2025-01-30,Riley Thompson,23391,26123
2025-01-15,Avery Chen,16646,20259
2025-01-23,Quinn Foster,19120,24496
2025-01-03,Jesse Diaz,12303,15152
2025-01-07,Emerson Foster,32009,39202
2025-01-23,Quinn Lewis,17588,21327
2025-01-24,Emerson Ingram,32616,40434
2025-01-09,Rowan Garcia,13986,20427
2025-01-29,Carol Williams,13312,22020
2025-01-26,Shawn Lewis,13994,16690
2025-01-12,Micah Johnson,14542,20534
2025-01-22,Harper Ingram,14041,20440
2025-01-15,Elliot Lewis,20951,29814
2025-01-14,Payton Baker,16985,22344
2025-01-05,Cameron Baker,14502,22552
2025-01-30,Elliot Kim,13914,21746
2025-01-31,Jamie Martinez,14856,23358
2025-01-19,Skyler Campbell,24303,26555
2025-01-03,Bailey Adams,32516,35402
2025-01-03,Hayden Foster,17122,20437
2025-01-20,Drew Foster,16868,19012
2025-01-17,Hayden Diaz,17580,22085
2025-01-14,Cameron Baker,21116,27961
2025-01-07,Kai Kim,17136,24949
2025-01-10,Shawn Kim,16461,17309
2025-01-04,Elliot Lewis,24309,29315
2025-01-10,Jesse Hughes,22627,24218
2025-01-18,Finley Edwards,21031,26566
2025-01-12,Drew Lewis,23881,26980
2025-01-31,Hayden Foster,24292,25723
2025-01-02,Finley Baker,13442,17375
2025-01-24,Logan Diaz,15161,18524
2025-01-11,Sage Foster,22263,25681
2025-01-09,Cameron Hughes,16507,22679
2025-01-07,Quinn Campbell,15698,19769
2025-01-12,Cameron Lewis,21673,25839
2025-01-17,Carol Williams,24646,28260
2025-01-12,Carol Williams,20908,24716
2025-01-31,Sam Foster,15053,18475
2025-01-13,Skyler Foster,15546,22135
2025-01-04,Jesse Edwards,12878,13933
2025-01-26,Cameron Baker,15071,20818
2025-01-01,Harper Baker,14552,18107
2025-01-10,Rowan Edwards,84915,
2025-01-06,Hayden Ingram,14901,22226
2025-01-21,Shawn Lewis,24231,25924
2025-01-13,Logan Garcia,76495,
2025-01-18,Cameron Baker,13730,17852
2025-01-22,Alex Diaz,25342,27585
2025-01-29,Drew Diaz,18044,23967
2025-01-16,Rowan Ingram,22321,28095
2025-01-02,Cameron Ingram,21564,23829
2025-01-17,Casey Nguyen,22393,29458
2025-01-02,Elliot Kim,24612,31261
2025-01-23,Morgan Rivera,15819,20822
2025-01-11,Rowan Garcia,16574,21133
2025-01-18,Emerson Kim,22552,25140
2025-01-21,Shawn Johnson,15969,20773
2025-01-22,Elliot Ingram,13098,20249
2025-01-31,Alex Campbell,24741,30109
2025-01-23,Sam Foster,16523,24784
2025-01-06,Jesse Edwards,17603,23238
2025-01-14,Cameron Lewis,21689,23033
2025-01-13,Emerson Johnson,25336,29277
2025-01-22,Emerson Johnson,16926,24523
2025-01-18,Elliot Kim,12739,19101
2025-01-16,Alex Diaz,12327,15992
2025-01-04,Emerson Ingram,14534,21497
2025-01-19,Finley Edwards,15756,16583
2025-01-09,Quinn Lewis,26557,30359
2025-01-09,Kai Diaz,25148,30186
2025-01-11,Rowan Edwards,20584,22473
2025-01-03,Drew Lewis,13957,16588
2025-01-16,Parker Edwards,24529,28431
2025-01-18,Quinn Edwards,23890,27183
2025-01-10,Bailey Edwards,19655,22949
2025-01-20,Rowan Garcia,25148,27032
2025-01-12,Hayden Foster,11683,17500
2025-01-14,Emerson Ingram,78876,
2025-01-08,Kai Kim,14534,20952
2025-01-22,Payton Lewis,13605,21202
2025-01-25,Reese Edwards,12145,16732
2025-01-03,Hayden Ingram,24614,31212
2025-01-17,Sam Garcia,20436,21970
2025-01-30,Reese Baker,13393,16488
2025-01-27,Quinn Foster,18508,21688
2025-01-25,Harper Lewis,15632,24087
2025-01-09,Kai Hughes,15653,18029
2025-01-21,Quinn Foster,23888,31722
2025-01-03,Hayden Adams,16034,18549
2025-01-30,Morgan Rivera,19772,28549
2025-01-30,Rowan Ingram,26598,29149
2025-01-16,Elliot Campbell,79340,
2025-01-13,Quinn Baker,27329,31054
2025-01-01,Cameron Ingram,25312,29622
2025-01-24,Micah Kim,14868,18903
2025-01-08,Harper Baker,25864,26618
2025-01-10,Sam Diaz,23713,28701
2025-01-31,Alex Hughes,23276,24843
2025-01-06,Jamie Martinez,21431,28126
2025-01-23,Alex Diaz,22835,26093
2025-01-13,Jesse Campbell,13355,16481
2025-01-27,Sage Lewis,24631,25967
2025-01-23,Kai Diaz,12300,17827
2025-01-02,Logan Campbell,15031,17814
2025-01-26,Payton Ingram,27917,36189
2025-01-04,Payton Baker,14937,16090
2025-01-28,Cameron Hughes,23708,30479
2025-01-25,Jesse Edwards,22062,26299
2025-01-19,Elliot Campbell,78835,
2025-01-24,Reese Baker,11807,17780
2025-01-31,Micah Edwards,34023,42073
2025-01-09,Jesse Diaz,14595,17570
2025-01-28,Reese Garcia,14071,17781
2025-01-31,Bailey Edwards,28393,32475
2025-01-24,Kai Hughes,22318,30242
2025-01-05,Elliot Garcia,22245,30445
2025-01-23,Kai Hughes,16894,18706
2025-01-21,Micah Adams,18609,25665
2025-01-04,Micah Edwards,18544,19861
2025-01-23,Hayden Garcia,15296,20594
2025-01-07,Bailey Garcia,23056,24191
2025-01-27,Sam Adams,15859,24160
2025-01-12,Sage Baker,15444,17618
2025-01-21,Jesse Edwards,27303,29094
2025-01-01,Kai Baker,14165,14934
2025-01-14,Sam Garcia,11425,15620
2025-01-18,Alex Campbell,16529,22448
2025-01-12,Kendall Johnson,14856,16207
2025-01-29,Skyler Edwards,16855,19306
2025-01-22,Parker Adams,18109,24365
2025-01-27,Emerson Foster,12123,20907
2025-01-08,Shawn Kim,16912,24497
2025-01-12,Drew Ingram,24292,31649
2025-01-09,Emerson Ingram,13730,14665
2025-01-28,Hayden Foster,16703,25227
2025-01-06,Sam Diaz,16463,25230
2025-01-26,Micah Edwards,17204,25596
2025-01-14,Quinn Foster,18329,24129
2025-01-01,Skyler Baker,16570,24409
2025-01-06,Harper Baker,28548,32062
2025-01-31,Alex Hughes,17760,20401
2025-01-13,Micah Lewis,15401,24058
2025-01-15,Sam Foster,18960,26628
2025-01-03,Reese Edwards,28065,34435
2025-01-06,Hayden Diaz,21938,29422
2025-01-01,Sage Adams,16264,17510
2025-01-17,Jesse Hughes,14047,15190
2025-01-20,Hayden Foster,21463,24905
2025-01-25,Finley Edwards,22594,24421
2025-01-21,Finley Baker,17052,20864
2025-01-15,Harper Garcia,14789,16943
2025-01-26,Quinn Diaz,17536,24952
2025-01-25,Parker Edwards,14127,18478
2025-01-19,Sam Foster,26717,32731
2025-01-26,Elliot Adams,15474,19059
2025-01-07,Reese Edwards,13925,19109
2025-01-30,Payton Baker,17441,23731
2025-01-24,Emerson Adams,15800,20110
2025-01-25,Parker Adams,36248,39706
2025-01-31,Sam Garcia,13310,14660
2025-01-23,Micah Johnson,19004,19811
2025-01-15,Quinn Edwards,14311,22303
2025-01-14,Finley Baker,19530,23139
2025-01-17,Bailey Foster,16779,20035
2025-01-14,Logan Diaz,15285,17077
2025-01-15,Harper Diaz,12475,16211
2025-01-30,Kendall Johnson,28636,31765
2025-01-30,Jordan Patel,13790,17394
2025-01-06,Elliot Adams,17641,18536
2025-01-08,Quinn Foster,20777,23548
2025-01-11,Logan Diaz,22218,27132
2025-01-23,Cameron Baker,22950,26230
2025-01-17,Elliot Campbell,,5685
2025-01-05,Bailey Adams,12677,14042
2025-01-13,Drew Edwards,20960,25933
2025-01-29,Taylor Brooks,22499,26218
2025-01-15,Bailey Adams,16259,23103
2025-01-23,Sage Foster,18138,22706
2025-01-30,Skyler Baker,17497,18222
2025-01-22,Logan Diaz,19146,23000
2025-01-31,Payton Lewis,26162,30370
2025-01-15,Cameron Adams,16207,20317
2025-01-21,Logan Diaz,16155,22620
2025-01-13,Emerson Foster,23186,29752
2025-01-03,Sage Foster,17502,24672
2025-01-03,Reese Foster,13149,20676
2025-01-11,Quinn Campbell,14773,22414
2025-01-29,Cameron Adams,14574,21315
2025-01-04,Bailey Adams,14136,22593
2025-01-10,Taylor Brooks,28217,35694
2025-01-23,Skyler Campbell,14802,19993
2025-01-11,Logan Garcia,12216,16118
2025-01-04,Bailey Foster,19358,23560
2025-01-22,Emerson Kim,32524,34001
2025-01-27,Parker Garcia,,6671
2025-01-03,Micah Edwards,18911,24308
2025-01-07,Quinn Baker,12456,14047
2025-01-17,Elliot Garcia,25087,33900
2025-01-23,Rowan Ingram,20949,21972
2025-01-24,Reese Edwards,18652,22835
2025-01-31,Quinn Foster,17633,24400
2025-01-25,Harper Ingram,28844,33811
2025-01-14,Shawn Lewis,32427,34271
2025-01-02,Cameron Lewis,15478,17312
2025-01-16,Sam Adams,16397,23690
2025-01-22,Sage Foster,12652,18125
2025-01-05,Sage Adams,21946,24314
2025-01-20,Taylor Brooks,20533,21361
2025-01-17,Drew Foster,15337,19224
2025-01-11,Reese Garcia,15057,20057
2025-01-15,Sam Foster,14708,17100
2025-01-29,Reese Foster,37073,38324
2025-01-10,Logan Hughes,13168,21205
2025-01-31,Kai Kim,19229,27540
2025-01-21,Micah Lewis,12796,16731
2025-01-04,Drew Foster,22786,31143
2025-01-31,Quinn Diaz,23404,29087
2025-01-10,Avery Chen,15223,19476
2025-01-30,Cameron Garcia,16460,21819
2025-01-29,Micah Kim,31670,32393
2025-01-01,Shawn Kim,24420,28320
2025-01-20,Micah Adams,20735,28930
2025-01-28,Cameron Baker,14492,21018
2025-01-09,Shawn Kim,16304,21128
2025-01-09,Drew Foster,21627,27435
2025-01-11,Cameron Adams,13930,21921
2025-01-10,Reese Foster,30196,30926
2025-01-09,Alex Lewis,29821,34172
2025-01-11,Reese Foster,15656,17073
2025-01-26,Quinn Baker,11974,20634
2025-01-31,Harper Baker,17673,20330
2025-01-19,Sage Foster,17572,18734
2025-01-15,Cameron Adams,23150,28292
2025-01-25,Cameron Lewis,13254,22092
2025-01-09,Bailey Campbell,17529,20373
2025-01-29,Bailey Garcia,15991,18893
2025-01-15,Sage Adams,16352,20907
2025-01-06,Sam Garcia,22389,29886
2025-01-11,Shawn Lewis,12788,15510
2025-01-27,Sam Adams,28640,31942
2025-01-11,Quinn Baker,24644,30816
2025-01-11,Bailey Foster,14791,20905
2025-01-27,Shawn Kim,18215,19611
2025-01-02,Shawn Kim,19407,20605
2025-01-05,Kai Diaz,27654,32028
2025-01-06,Payton Adams,15043,17229
2025-01-01,Shawn Edwards,13189,16831
2025-01-17,Avery Chen,83666,
2025-01-10,Skyler Campbell,15996,17837
2025-01-28,Skyler Campbell,18452,21324
2025-01-28,Jordan Patel,26095,32458
2025-01-22,Jamie Martinez,16686,19335
2025-01-09,Jesse Hughes,23748,26008
2025-01-23,Jesse Hughes,16245,18498
2025-01-15,Kai Campbell,14484,23028
2025-01-19,Bailey Johnson,14072,21168
2025-01-14,Jesse Hughes,23093,29248
2025-01-08,Casey Nguyen,15052,17199
2025-01-30,Jesse Campbell,15686,22172
2025-01-02,Sam Garcia,13862,19849
2025-01-31,Finley Baker,12458,15224
2025-01-24,Bailey Johnson,12540,16743
2025-01-01,Riley Thompson,15294,22148
2025-01-26,Elliot Ingram,16193,24958
2025-01-13,Harper Ingram,30090,38494
2025-01-04,Shawn Edwards,14833,19773
2025-01-07,Jesse Kim,26138,33530
2025-01-05,Avery Chen,14620,22875
2025-01-28,Elliot Kim,17040,24043
2025-01-28,Emerson Johnson,,7355
2025-01-27,Micah Johnson,14600,19800
2025-01-21,Jesse Foster,23537,24416
2025-01-15,Elliot Campbell,13607,17499
2025-01-21,Hayden Foster,16316,23502
2025-01-10,Jesse Diaz,13827,21793
2025-01-25,Sage Garcia,11782,12661
2025-01-07,Drew Ingram,25135,27977
2025-01-23,Drew Diaz,13471,18663
2025-01-08,Avery Chen,64800,72000
2025-01-26,Jesse Hughes,16594,17591
2025-01-27,Reese Garcia,15659,22676
2025-01-08,Quinn Diaz,20749,21758
2025-01-08,Cameron Baker,15463,18282
2025-01-14,Drew Ingram,13383,22142
2025-01-24,Elliot Ingram,,7018
2025-01-12,Jesse Edwards,17804,23836
2025-01-23,Drew Edwards,23828,30024
2025-01-04,Micah Kim,17369,23746
2025-01-25,Jesse Foster,15565,19140
2025-01-25,Jesse Kim,22135,29875
2025-01-13,Riley Thompson,,2699
2025-01-17,Bailey Campbell,16309,17219
2025-01-04,Bailey Edwards,16452,24654
2025-01-18,Micah Johnson,17331,23473
2025-01-06,Jesse Diaz,25972,29430
2025-01-07,Micah Johnson,18307,19481
2025-01-12,Emerson Ingram,16053,22002
2025-01-30,Cameron Ingram,24590,31104
2025-01-30,Reese Edwards,21200,29346
2025-01-13,Morgan Rivera,64800,72000
2025-01-19,Alex Diaz,22939,26280
2025-01-19,Dakota Adams,12442,17150
2025-01-13,Riley Thompson,16469,23182
2025-01-25,Emerson Foster,21015,21911
2025-01-03,Harper Diaz,15012,17300
2025-01-02,Jesse Edwards,14919,19645
2025-01-10,Bailey Johnson,25189,32438
2025-01-12,Reese Edwards,12668,13705
2025-01-29,Shawn Ingram,25459,30922
2025-01-09,Rowan Edwards,14031,21247
2025-01-18,Hayden Adams,23365,27102
2025-01-31,Micah Edwards,15073,22953
2025-01-26,Sam Garcia,15472,23729
2025-01-06,Emerson Ingram,26046,32269
2025-01-19,Quinn Lewis,15004,22157
2025-01-06,Logan Diaz,12152,16060
2025-01-04,Sage Foster,17113,21580
2025-01-11,Micah Edwards,14561,20176
2025-01-22,Quinn Lewis,25449,30189
2025-01-18,Jordan Patel,20771,24605
2025-01-29,Bailey Hughes,23406,30943
2025-01-10,Casey Nguyen,17262,25138
2025-01-29,Emerson Ingram,14500,19968
2025-01-16,Jesse Kim,12919,19510
2025-01-14,Parker Garcia,13091,20792
2025-01-23,Hayden Ingram,13835,19816
2025-01-31,Sam Foster,22819,28380
2025-01-11,Kendall Johnson,15135,22427
2025-01-09,Quinn Lewis,32666,41201
2025-01-18,Drew Edwards,16862,21617
2025-01-19,Quinn Diaz,16398,19865
2025-01-31,Alex Lewis,15842,17795
2025-01-03,Alex Hughes,15231,21919
2025-01-15,Bailey Edwards,,8429
2025-01-25,Kai Kim,22060,28226
2025-01-29,Jesse Edwards,19398,22673
2025-01-10,Jesse Edwards,13826,21382
2025-01-28,Harper Ingram,20208,27637
2025-01-25,Sage Adams,23518,30546
2025-01-09,Kai Johnson,14919,23522
2025-01-08,Micah Johnson,12669,20387
2025-01-21,Harper Diaz,15302,18631
2025-01-16,Harper Lewis,20433,26383
2025-01-11,Payton Ingram,14798,16349
2025-01-29,Cameron Lewis,14265,16196
2025-01-25,Parker Adams,16488,22935
2025-01-09,Cameron Adams,24984,32809
2025-01-09,Quinn Campbell,11423,14932
2025-01-06,Micah Lewis,31615,34617
2025-01-08,Bailey Garcia,26030,29907
2025-01-12,Drew Diaz,,6362
2025-01-03,Payton Lewis,22279,31073
2025-01-08,Dakota Adams,15722,22278
2025-01-31,Harper Lewis,26467,32862
2025-01-21,Cameron Ingram,16699,19156
2025-01-28,Logan Campbell,14591,16509
2025-01-04,Elliot Campbell,18471,19813
2025-01-04,Micah Edwards,23807,30505
2025-01-30,Morgan Rivera,16647,17620
2025-01-31,Alex Lewis,19101,26341
2025-01-22,Sam Foster,13842,17678
2025-01-01,Taylor Brooks,23041,25723
2025-01-06,Micah Johnson,17126,25635
2025-01-31,Kendall Johnson,12304,20895
2025-01-17,Bailey Johnson,18235,23214
2025-01-27,Kai Johnson,24905,32997
2025-01-30,Drew Lewis,12022,20792
2025-01-09,Bailey Hughes,25954,32284
2025-01-30,Harper Diaz,23262,30270
2025-01-12,Rowan Garcia,12160,16590
2025-01-27,Quinn Campbell,16438,17759
2025-01-12,Quinn Edwards,13371,21224
2025-01-05,Kai Johnson,13152,21439
2025-01-08,Taylor Brooks,14400,15470
2025-01-11,Reese Baker,16437,18420
2025-01-06,Kendall Baker,14218,16128
2025-01-29,Elliot Ingram,,6318
2025-01-25,Micah Johnson,15356,22448
2025-01-15,Jesse Campbell,33405,40015
2025-01-25,Emerson Kim,23211,31793
2025-01-11,Kai Johnson,13111,15463
2025-01-13,Micah Edwards,21474,26944
2025-01-28,Kai Diaz,15152,19063
2025-01-22,Hayden Campbell,15266,17929
2025-01-19,Sage Adams,28545,30493
2025-01-21,Drew Diaz,17880,18770
2025-01-18,Hayden Foster,14981,17715
2025-01-04,Cameron Garcia,16495,20745
2025-01-02,Finley Edwards,14447,20668
2025-01-23,Drew Foster,16592,18830
2025-01-28,Sam Adams,21382,29510
2025-01-06,Reese Garcia,14427,21244
2025-01-02,Harper Diaz,13811,19557
2025-01-21,Parker Adams,21831,29377
2025-01-16,Bailey Hughes,15945,23909
2025-01-31,Skyler Campbell,16867,19712
2025-01-01,Kai Kim,14797,22023
2025-01-29,Cameron Adams,23877,28083
2025-01-23,Bailey Campbell,38641,43485
2025-01-30,Emerson Ingram,15074,21885
2025-01-14,Jordan Patel,16229,21829
2025-01-07,Finley Edwards,17622,23150
2025-01-23,Elliot Adams,18384,21410
2025-01-26,Finley Hughes,12561,15581
2025-01-17,Kai Johnson,22153,29703
2025-01-05,Micah Johnson,24564,25696
2025-01-12,Jesse Diaz,14269,16915
2025-01-28,Alex Lewis,11729,14883
2025-01-04,Sam Diaz,22740,29919
2025-01-10,Hayden Diaz,26633,29986
2025-01-22,Emerson Kim,15822,24141
2025-01-24,Harper Ingram,13115,17229
2025-01-31,Shawn Lewis,24472,27592
2025-01-11,Quinn Garcia,13721,19638
2025-01-12,Drew Foster,12931,14749
2025-01-26,Skyler Campbell,14841,22380
2025-01-28,Jesse Kim,13365,19111
2025-01-13,Shawn Kim,14512,21336
2025-01-18,Sage Adams,25430,32926
2025-01-24,Jesse Hughes,17454,21482
2025-01-13,Kai Diaz,12704,14407
2025-01-01,Reese Adams,18311,27148
2025-01-03,Alex Lewis,17969,25592
2025-01-22,Cameron Lewis,36240,37339
2025-01-29,Harper Ingram,14587,23398
2025-01-08,Payton Lewis,12653,16669
2025-01-18,Jamie Martinez,13032,16556
2025-01-10,Alex Hughes,19542,27969
2025-01-06,Hayden Foster,,5318
2025-01-03,Kai Diaz,15280,19916
2025-01-27,Drew Lewis,17627,21941
2025-01-15,Sage Lewis,15536,16781
